timestamp,load
2023-01-01 09:00:00,4
2023-01-01 10:00:00,1
2023-01-01 11:00:00,1
2023-01-01 12:00:00,5
2023-01-01 13:00:00,6
2023-01-01 14:00:00,3
2023-01-01 15:00:00,6
2023-01-01 16:00:00,4
2023-01-01 17:00:00,8
2023-01-01 18:00:00,9
2023-01-01 19:00:00,5
2023-01-02 09:00:00,6
2023-01-02 10:00:00,8
2023-01-02 11:00:00,5
2023-01-02 12:00:00,9
2023-01-02 13:00:00,5
2023-01-02 14:00:00,5
2023-01-02 15:00:00,6
2023-01-02 16:00:00,2
2023-01-02 17:00:00,6
2023-01-02 18:00:00,3
2023-01-02 19:00:00,7
2023-01-03 09:00:00,9
2023-01-03 10:00:00,0
2023-01-03 11:00:00,3
2023-01-03 12:00:00,3
2023-01-03 13:00:00,4
2023-01-03 14:00:00,5
2023-01-03 15:00:00,4
2023-01-03 16:00:00,7
2023-01-03 17:00:00,8
2023-01-03 18:00:00,7
2023-01-03 19:00:00,4
2023-01-04 09:00:00,0
2023-01-04 10:00:00,8
2023-01-04 11:00:00,3
2023-01-04 12:00:00,2
2023-01-04 13:00:00,5
2023-01-04 14:00:00,4
2023-01-04 15:00:00,5
2023-01-04 16:00:00,7
2023-01-04 17:00:00,6
2023-01-04 18:00:00,2
2023-01-04 19:00:00,6
2023-01-05 09:00:00,1
2023-01-05 10:00:00,14
2023-01-05 11:00:00,7
2023-01-05 12:00:00,4
2023-01-05 13:00:00,6
2023-01-05 14:00:00,4
2023-01-05 15:00:00,7
2023-01-05 16:00:00,3
2023-01-05 17:00:00,1
2023-01-05 18:00:00,6
2023-01-05 19:00:00,5
2023-01-06 09:00:00,3
2023-01-06 10:00:00,3
2023-01-06 11:00:00,5
2023-01-06 12:00:00,0
2023-01-06 13:00:00,4
2023-01-06 14:00:00,3
2023-01-06 15:00:00,5
2023-01-06 16:00:00,6
2023-01-06 17:00:00,1
2023-01-06 18:00:00,4
2023-01-06 19:00:00,5
2023-01-07 09:00:00,3
2023-01-07 10:00:00,7
2023-01-07 11:00:00,7
2023-01-07 12:00:00,2
2023-01-07 13:00:00,10
2023-01-07 14:00:00,5
2023-01-07 15:00:00,2
2023-01-07 16:00:00,10
2023-01-07 17:00:00,8
2023-01-07 18:00:00,6
2023-01-07 19:00:00,7
2023-01-08 09:00:00,7
2023-01-08 10:00:00,4
2023-01-08 11:00:00,5
2023-01-08 12:00:00,5
2023-01-08 13:00:00,4
2023-01-08 14:00:00,7
2023-01-08 15:00:00,10
2023-01-08 16:00:00,6
2023-01-08 17:00:00,6
2023-01-08 18:00:00,3
2023-01-08 19:00:00,6
2023-01-09 09:00:00,7
2023-01-09 10:00:00,8
2023-01-09 11:00:00,6
2023-01-09 12:00:00,2
2023-01-09 13:00:00,2
2023-01-09 14:00:00,4
2023-01-09 15:00:00,7
2023-01-09 16:00:00,6
2023-01-09 17:00:00,4
2023-01-09 18:00:00,5
2023-01-09 19:00:00,2
2023-01-10 09:00:00,5
2023-01-10 10:00:00,4
2023-01-10 11:00:00,7
2023-01-10 12:00:00,6
2023-01-10 13:00:00,4
2023-01-10 14:00:00,5
2023-01-10 15:00:00,4
2023-01-10 16:00:00,5
2023-01-10 17:00:00,4
2023-01-10 18:00:00,8
2023-01-10 19:00:00,9
2023-01-11 09:00:00,4
2023-01-11 10:00:00,6
2023-01-11 11:00:00,1
2023-01-11 12:00:00,4
2023-01-11 13:00:00,3
2023-01-11 14:00:00,4
2023-01-11 15:00:00,7
2023-01-11 16:00:00,8
2023-01-11 17:00:00,3
2023-01-11 18:00:00,3
2023-01-11 19:00:00,4
2023-01-12 09:00:00,3
2023-01-12 10:00:00,5
2023-01-12 11:00:00,7
2023-01-12 12:00:00,5
2023-01-12 13:00:00,7
2023-01-12 14:00:00,7
2023-01-12 15:00:00,6
2023-01-12 16:00:00,2
2023-01-12 17:00:00,5
2023-01-12 18:00:00,4
2023-01-12 19:00:00,5
2023-01-13 09:00:00,5
2023-01-13 10:00:00,4
2023-01-13 11:00:00,5
2023-01-13 12:00:00,6
2023-01-13 13:00:00,2
2023-01-13 14:00:00,4
2023-01-13 15:00:00,4
2023-01-13 16:00:00,2
2023-01-13 17:00:00,7
2023-01-13 18:00:00,10
2023-01-13 19:00:00,2
2023-01-14 09:00:00,8
2023-01-14 10:00:00,5
2023-01-14 11:00:00,3
2023-01-14 12:00:00,4
2023-01-14 13:00:00,3
2023-01-14 14:00:00,4
2023-01-14 15:00:00,3
2023-01-14 16:00:00,8
2023-01-14 17:00:00,7
2023-01-14 18:00:00,5
2023-01-14 19:00:00,5
2023-01-15 09:00:00,6
2023-01-15 10:00:00,6
2023-01-15 11:00:00,3
2023-01-15 12:00:00,8
2023-01-15 13:00:00,11
2023-01-15 14:00:00,5
2023-01-15 15:00:00,6
2023-01-15 16:00:00,6
2023-01-15 17:00:00,3
2023-01-15 18:00:00,6
2023-01-15 19:00:00,3
2023-01-16 09:00:00,8
2023-01-16 10:00:00,7
2023-01-16 11:00:00,5
2023-01-16 12:00:00,8
2023-01-16 13:00:00,4
2023-01-16 14:00:00,6
2023-01-16 15:00:00,5
2023-01-16 16:00:00,4
2023-01-16 17:00:00,5
2023-01-16 18:00:00,4
2023-01-16 19:00:00,2
2023-01-17 09:00:00,0
2023-01-17 10:00:00,2
2023-01-17 11:00:00,10
2023-01-17 12:00:00,6
2023-01-17 13:00:00,0
2023-01-17 14:00:00,2
2023-01-17 15:00:00,4
2023-01-17 16:00:00,4
2023-01-17 17:00:00,2
2023-01-17 18:00:00,6
2023-01-17 19:00:00,6
2023-01-18 09:00:00,3
2023-01-18 10:00:00,5
2023-01-18 11:00:00,3
2023-01-18 12:00:00,5
2023-01-18 13:00:00,5
2023-01-18 14:00:00,5
2023-01-18 15:00:00,4
2023-01-18 16:00:00,4
2023-01-18 17:00:00,3
2023-01-18 18:00:00,2
2023-01-18 19:00:00,10
2023-01-19 09:00:00,6
2023-01-19 10:00:00,6
2023-01-19 11:00:00,4
2023-01-19 12:00:00,6
2023-01-19 13:00:00,6
2023-01-19 14:00:00,5
2023-01-19 15:00:00,5
2023-01-19 16:00:00,3
2023-01-19 17:00:00,4
2023-01-19 18:00:00,2
2023-01-19 19:00:00,8
2023-01-20 09:00:00,4
2023-01-20 10:00:00,4
2023-01-20 11:00:00,6
2023-01-20 12:00:00,3
2023-01-20 13:00:00,4
2023-01-20 14:00:00,3
2023-01-20 15:00:00,5
2023-01-20 16:00:00,4
2023-01-20 17:00:00,4
2023-01-20 18:00:00,6
2023-01-20 19:00:00,5
2023-01-21 09:00:00,4
2023-01-21 10:00:00,7
2023-01-21 11:00:00,5
2023-01-21 12:00:00,5
2023-01-21 13:00:00,6
2023-01-21 14:00:00,7
2023-01-21 15:00:00,3
2023-01-21 16:00:00,7
2023-01-21 17:00:00,3
2023-01-21 18:00:00,8
2023-01-21 19:00:00,5
2023-01-22 09:00:00,4
2023-01-22 10:00:00,2
2023-01-22 11:00:00,2
2023-01-22 12:00:00,1
2023-01-22 13:00:00,6
2023-01-22 14:00:00,11
2023-01-22 15:00:00,9
2023-01-22 16:00:00,7
2023-01-22 17:00:00,4
2023-01-22 18:00:00,10
2023-01-22 19:00:00,3
2023-01-23 09:00:00,1
2023-01-23 10:00:00,8
2023-01-23 11:00:00,3
2023-01-23 12:00:00,2
2023-01-23 13:00:00,7
2023-01-23 14:00:00,5
2023-01-23 15:00:00,8
2023-01-23 16:00:00,1
2023-01-23 17:00:00,8
2023-01-23 18:00:00,4
2023-01-23 19:00:00,6
2023-01-24 09:00:00,3
2023-01-24 10:00:00,6
2023-01-24 11:00:00,8
2023-01-24 12:00:00,7
2023-01-24 13:00:00,3
2023-01-24 14:00:00,4
2023-01-24 15:00:00,4
2023-01-24 16:00:00,2
2023-01-24 17:00:00,6
2023-01-24 18:00:00,8
2023-01-24 19:00:00,3
2023-01-25 09:00:00,6
2023-01-25 10:00:00,9
2023-01-25 11:00:00,6
2023-01-25 12:00:00,5
2023-01-25 13:00:00,8
2023-01-25 14:00:00,5
2023-01-25 15:00:00,5
2023-01-25 16:00:00,2
2023-01-25 17:00:00,6
2023-01-25 18:00:00,2
2023-01-25 19:00:00,9
2023-01-26 09:00:00,5
2023-01-26 10:00:00,3
2023-01-26 11:00:00,4
2023-01-26 12:00:00,5
2023-01-26 13:00:00,6
2023-01-26 14:00:00,7
2023-01-26 15:00:00,6
2023-01-26 16:00:00,7
2023-01-26 17:00:00,0
2023-01-26 18:00:00,6
2023-01-26 19:00:00,4
2023-01-27 09:00:00,5
2023-01-27 10:00:00,4
2023-01-27 11:00:00,2
2023-01-27 12:00:00,5
2023-01-27 13:00:00,2
2023-01-27 14:00:00,6
2023-01-27 15:00:00,7
2023-01-27 16:00:00,6
2023-01-27 17:00:00,4
2023-01-27 18:00:00,3
2023-01-27 19:00:00,8
2023-01-28 09:00:00,8
2023-01-28 10:00:00,0
2023-01-28 11:00:00,1
2023-01-28 12:00:00,3
2023-01-28 13:00:00,3
2023-01-28 14:00:00,5
2023-01-28 15:00:00,2
2023-01-28 16:00:00,7
2023-01-28 17:00:00,2
2023-01-28 18:00:00,4
2023-01-28 19:00:00,4
2023-01-29 09:00:00,3
2023-01-29 10:00:00,6
2023-01-29 11:00:00,4
2023-01-29 12:00:00,6
2023-01-29 13:00:00,1
2023-01-29 14:00:00,1
2023-01-29 15:00:00,1
2023-01-29 16:00:00,6
2023-01-29 17:00:00,5
2023-01-29 18:00:00,5
2023-01-29 19:00:00,7
2023-01-30 09:00:00,6
2023-01-30 10:00:00,5
2023-01-30 11:00:00,6
2023-01-30 12:00:00,4
2023-01-30 13:00:00,6
2023-01-30 14:00:00,7
2023-01-30 15:00:00,4
2023-01-30 16:00:00,10
2023-01-30 17:00:00,6
2023-01-30 18:00:00,3
2023-01-30 19:00:00,5
2023-01-31 09:00:00,6
2023-01-31 10:00:00,5
2023-01-31 11:00:00,8
2023-01-31 12:00:00,9
2023-01-31 13:00:00,7
2023-01-31 14:00:00,1
2023-01-31 15:00:00,4
2023-01-31 16:00:00,4
2023-01-31 17:00:00,7
2023-01-31 18:00:00,7
2023-01-31 19:00:00,5
2023-02-01 09:00:00,2
2023-02-01 10:00:00,8
2023-02-01 11:00:00,4
2023-02-01 12:00:00,9
2023-02-01 13:00:00,5
2023-02-01 14:00:00,8
2023-02-01 15:00:00,3
2023-02-01 16:00:00,7
2023-02-01 17:00:00,5
2023-02-01 18:00:00,6
2023-02-01 19:00:00,4
2023-02-02 09:00:00,4
2023-02-02 10:00:00,2
2023-02-02 11:00:00,4
2023-02-02 12:00:00,4
2023-02-02 13:00:00,6
2023-02-02 14:00:00,4
2023-02-02 15:00:00,1
2023-02-02 16:00:00,9
2023-02-02 17:00:00,6
2023-02-02 18:00:00,4
2023-02-02 19:00:00,5
2023-02-03 09:00:00,6
2023-02-03 10:00:00,3
2023-02-03 11:00:00,6
2023-02-03 12:00:00,3
2023-02-03 13:00:00,5
2023-02-03 14:00:00,4
2023-02-03 15:00:00,5
2023-02-03 16:00:00,2
2023-02-03 17:00:00,1
2023-02-03 18:00:00,5
2023-02-03 19:00:00,6
2023-02-04 09:00:00,0
2023-02-04 10:00:00,5
2023-02-04 11:00:00,8
2023-02-04 12:00:00,4
2023-02-04 13:00:00,6
2023-02-04 14:00:00,4
2023-02-04 15:00:00,6
2023-02-04 16:00:00,4
2023-02-04 17:00:00,8
2023-02-04 18:00:00,6
2023-02-04 19:00:00,4
2023-02-05 09:00:00,2
2023-02-05 10:00:00,1
2023-02-05 11:00:00,2
2023-02-05 12:00:00,3
2023-02-05 13:00:00,8
2023-02-05 14:00:00,8
2023-02-05 15:00:00,5
2023-02-05 16:00:00,5
2023-02-05 17:00:00,0
2023-02-05 18:00:00,6
2023-02-05 19:00:00,6
2023-02-06 09:00:00,5
2023-02-06 10:00:00,1
2023-02-06 11:00:00,2
2023-02-06 12:00:00,3
2023-02-06 13:00:00,4
2023-02-06 14:00:00,3
2023-02-06 15:00:00,3
2023-02-06 16:00:00,7
2023-02-06 17:00:00,7
2023-02-06 18:00:00,0
2023-02-06 19:00:00,0
2023-02-07 09:00:00,5
2023-02-07 10:00:00,8
2023-02-07 11:00:00,6
2023-02-07 12:00:00,6
2023-02-07 13:00:00,7
2023-02-07 14:00:00,5
2023-02-07 15:00:00,2
2023-02-07 16:00:00,9
2023-02-07 17:00:00,4
2023-02-07 18:00:00,3
2023-02-07 19:00:00,8
2023-02-08 09:00:00,5
2023-02-08 10:00:00,7
2023-02-08 11:00:00,8
2023-02-08 12:00:00,4
2023-02-08 13:00:00,3
2023-02-08 14:00:00,8
2023-02-08 15:00:00,0
2023-02-08 16:00:00,4
2023-02-08 17:00:00,8
2023-02-08 18:00:00,0
2023-02-08 19:00:00,7
2023-02-09 09:00:00,0
2023-02-09 10:00:00,5
2023-02-09 11:00:00,2
2023-02-09 12:00:00,4
2023-02-09 13:00:00,4
2023-02-09 14:00:00,7
2023-02-09 15:00:00,3
2023-02-09 16:00:00,8
2023-02-09 17:00:00,2
2023-02-09 18:00:00,4
2023-02-09 19:00:00,3
2023-02-10 09:00:00,6
2023-02-10 10:00:00,5
2023-02-10 11:00:00,5
2023-02-10 12:00:00,3
2023-02-10 13:00:00,1
2023-02-10 14:00:00,8
2023-02-10 15:00:00,4
2023-02-10 16:00:00,8
2023-02-10 17:00:00,4
2023-02-10 18:00:00,3
2023-02-10 19:00:00,4
2023-02-11 09:00:00,3
2023-02-11 10:00:00,5
2023-02-11 11:00:00,4
2023-02-11 12:00:00,7
2023-02-11 13:00:00,4
2023-02-11 14:00:00,7
2023-02-11 15:00:00,6
2023-02-11 16:00:00,6
2023-02-11 17:00:00,1
2023-02-11 18:00:00,7
2023-02-11 19:00:00,6
2023-02-12 09:00:00,5
2023-02-12 10:00:00,6
2023-02-12 11:00:00,4
2023-02-12 12:00:00,4
2023-02-12 13:00:00,5
2023-02-12 14:00:00,6
2023-02-12 15:00:00,5
2023-02-12 16:00:00,5
2023-02-12 17:00:00,6
2023-02-12 18:00:00,8
2023-02-12 19:00:00,4
2023-02-13 09:00:00,7
2023-02-13 10:00:00,5
2023-02-13 11:00:00,12
2023-02-13 12:00:00,4
2023-02-13 13:00:00,6
2023-02-13 14:00:00,5
2023-02-13 15:00:00,7
2023-02-13 16:00:00,6
2023-02-13 17:00:00,3
2023-02-13 18:00:00,10
2023-02-13 19:00:00,5
2023-02-14 09:00:00,3
2023-02-14 10:00:00,6
2023-02-14 11:00:00,7
2023-02-14 12:00:00,6
2023-02-14 13:00:00,2
2023-02-14 14:00:00,5
2023-02-14 15:00:00,5
2023-02-14 16:00:00,4
2023-02-14 17:00:00,7
2023-02-14 18:00:00,4
2023-02-14 19:00:00,6
2023-02-15 09:00:00,4
2023-02-15 10:00:00,7
2023-02-15 11:00:00,2
2023-02-15 12:00:00,4
2023-02-15 13:00:00,6
2023-02-15 14:00:00,3
2023-02-15 15:00:00,5
2023-02-15 16:00:00,3
2023-02-15 17:00:00,3
2023-02-15 18:00:00,4
2023-02-15 19:00:00,8
2023-02-16 09:00:00,6
2023-02-16 10:00:00,0
2023-02-16 11:00:00,5
2023-02-16 12:00:00,6
2023-02-16 13:00:00,4
2023-02-16 14:00:00,5
2023-02-16 15:00:00,5
2023-02-16 16:00:00,4
2023-02-16 17:00:00,2
2023-02-16 18:00:00,6
2023-02-16 19:00:00,5
2023-02-17 09:00:00,1
2023-02-17 10:00:00,6
2023-02-17 11:00:00,4
2023-02-17 12:00:00,10
2023-02-17 13:00:00,5
2023-02-17 14:00:00,3
2023-02-17 15:00:00,3
2023-02-17 16:00:00,2
2023-02-17 17:00:00,6
2023-02-17 18:00:00,4
2023-02-17 19:00:00,3
2023-02-18 09:00:00,3
2023-02-18 10:00:00,9
2023-02-18 11:00:00,8
2023-02-18 12:00:00,2
2023-02-18 13:00:00,4
2023-02-18 14:00:00,4
2023-02-18 15:00:00,5
2023-02-18 16:00:00,5
2023-02-18 17:00:00,7
2023-02-18 18:00:00,7
2023-02-18 19:00:00,7
2023-02-19 09:00:00,8
2023-02-19 10:00:00,1
2023-02-19 11:00:00,3
2023-02-19 12:00:00,6
2023-02-19 13:00:00,3
2023-02-19 14:00:00,3
2023-02-19 15:00:00,7
2023-02-19 16:00:00,2
2023-02-19 17:00:00,5
2023-02-19 18:00:00,2
2023-02-19 19:00:00,7
2023-02-20 09:00:00,3
2023-02-20 10:00:00,4
2023-02-20 11:00:00,7
2023-02-20 12:00:00,6
2023-02-20 13:00:00,5
2023-02-20 14:00:00,5
2023-02-20 15:00:00,7
2023-02-20 16:00:00,5
2023-02-20 17:00:00,2
2023-02-20 18:00:00,3
2023-02-20 19:00:00,3
2023-02-21 09:00:00,4
2023-02-21 10:00:00,8
2023-02-21 11:00:00,4
2023-02-21 12:00:00,7
2023-02-21 13:00:00,6
2023-02-21 14:00:00,4
2023-02-21 15:00:00,7
2023-02-21 16:00:00,7
2023-02-21 17:00:00,7
2023-02-21 18:00:00,6
2023-02-21 19:00:00,0
2023-02-22 09:00:00,6
2023-02-22 10:00:00,2
2023-02-22 11:00:00,5
2023-02-22 12:00:00,3
2023-02-22 13:00:00,3
2023-02-22 14:00:00,4
2023-02-22 15:00:00,7
2023-02-22 16:00:00,9
2023-02-22 17:00:00,4
2023-02-22 18:00:00,5
2023-02-22 19:00:00,5
2023-02-23 09:00:00,3
2023-02-23 10:00:00,5
2023-02-23 11:00:00,5
2023-02-23 12:00:00,4
2023-02-23 13:00:00,2
2023-02-23 14:00:00,4
2023-02-23 15:00:00,4
2023-02-23 16:00:00,6
2023-02-23 17:00:00,3
2023-02-23 18:00:00,0
2023-02-23 19:00:00,3
2023-02-24 09:00:00,2
2023-02-24 10:00:00,8
2023-02-24 11:00:00,6
2023-02-24 12:00:00,5
2023-02-24 13:00:00,3
2023-02-24 14:00:00,6
2023-02-24 15:00:00,7
2023-02-24 16:00:00,6
2023-02-24 17:00:00,4
2023-02-24 18:00:00,4
2023-02-24 19:00:00,7
2023-02-25 09:00:00,5
2023-02-25 10:00:00,6
2023-02-25 11:00:00,5
2023-02-25 12:00:00,5
2023-02-25 13:00:00,4
2023-02-25 14:00:00,6
2023-02-25 15:00:00,7
2023-02-25 16:00:00,4
2023-02-25 17:00:00,8
2023-02-25 18:00:00,4
2023-02-25 19:00:00,4
2023-02-26 09:00:00,7
2023-02-26 10:00:00,8
2023-02-26 11:00:00,4
2023-02-26 12:00:00,8
2023-02-26 13:00:00,4
2023-02-26 14:00:00,1
2023-02-26 15:00:00,6
2023-02-26 16:00:00,7
2023-02-26 17:00:00,6
2023-02-26 18:00:00,7
2023-02-26 19:00:00,4
2023-02-27 09:00:00,5
2023-02-27 10:00:00,5
2023-02-27 11:00:00,5
2023-02-27 12:00:00,6
2023-02-27 13:00:00,5
2023-02-27 14:00:00,2
2023-02-27 15:00:00,4
2023-02-27 16:00:00,3
2023-02-27 17:00:00,4
2023-02-27 18:00:00,0
2023-02-27 19:00:00,6
2023-02-28 09:00:00,2
2023-02-28 10:00:00,5
2023-02-28 11:00:00,7
2023-02-28 12:00:00,5
2023-02-28 13:00:00,6
2023-02-28 14:00:00,4
2023-02-28 15:00:00,0
2023-02-28 16:00:00,7
2023-02-28 17:00:00,4
2023-02-28 18:00:00,6
2023-02-28 19:00:00,6
2023-03-01 09:00:00,10
2023-03-01 10:00:00,10
2023-03-01 11:00:00,5
2023-03-01 12:00:00,4
2023-03-01 13:00:00,10
2023-03-01 14:00:00,8
2023-03-01 15:00:00,10
2023-03-01 16:00:00,4
2023-03-01 17:00:00,8
2023-03-01 18:00:00,3
2023-03-01 19:00:00,4
2023-03-02 09:00:00,7
2023-03-02 10:00:00,6
2023-03-02 11:00:00,8
2023-03-02 12:00:00,3
2023-03-02 13:00:00,5
2023-03-02 14:00:00,1
2023-03-02 15:00:00,6
2023-03-02 16:00:00,3
2023-03-02 17:00:00,2
2023-03-02 18:00:00,7
2023-03-02 19:00:00,7
2023-03-03 09:00:00,1
2023-03-03 10:00:00,7
2023-03-03 11:00:00,2
2023-03-03 12:00:00,6
2023-03-03 13:00:00,2
2023-03-03 14:00:00,9
2023-03-03 15:00:00,9
2023-03-03 16:00:00,4
2023-03-03 17:00:00,6
2023-03-03 18:00:00,8
2023-03-03 19:00:00,5
2023-03-04 09:00:00,3
2023-03-04 10:00:00,4
2023-03-04 11:00:00,5
2023-03-04 12:00:00,4
2023-03-04 13:00:00,5
2023-03-04 14:00:00,4
2023-03-04 15:00:00,9
2023-03-04 16:00:00,5
2023-03-04 17:00:00,3
2023-03-04 18:00:00,3
2023-03-04 19:00:00,4
2023-03-05 09:00:00,5
2023-03-05 10:00:00,7
2023-03-05 11:00:00,4
2023-03-05 12:00:00,5
2023-03-05 13:00:00,5
2023-03-05 14:00:00,5
2023-03-05 15:00:00,2
2023-03-05 16:00:00,6
2023-03-05 17:00:00,5
2023-03-05 18:00:00,1
2023-03-05 19:00:00,8
2023-03-06 09:00:00,4
2023-03-06 10:00:00,5
2023-03-06 11:00:00,4
2023-03-06 12:00:00,4
2023-03-06 13:00:00,5
2023-03-06 14:00:00,2
2023-03-06 15:00:00,7
2023-03-06 16:00:00,4
2023-03-06 17:00:00,9
2023-03-06 18:00:00,3
2023-03-06 19:00:00,6
2023-03-07 09:00:00,6
2023-03-07 10:00:00,3
2023-03-07 11:00:00,4
2023-03-07 12:00:00,4
2023-03-07 13:00:00,1
2023-03-07 14:00:00,4
2023-03-07 15:00:00,6
2023-03-07 16:00:00,5
2023-03-07 17:00:00,3
2023-03-07 18:00:00,5
2023-03-07 19:00:00,5
2023-03-08 09:00:00,7
2023-03-08 10:00:00,4
2023-03-08 11:00:00,6
2023-03-08 12:00:00,4
2023-03-08 13:00:00,6
2023-03-08 14:00:00,5
2023-03-08 15:00:00,5
2023-03-08 16:00:00,5
2023-03-08 17:00:00,4
2023-03-08 18:00:00,5
2023-03-08 19:00:00,4
2023-03-09 09:00:00,4
2023-03-09 10:00:00,3
2023-03-09 11:00:00,6
2023-03-09 12:00:00,4
2023-03-09 13:00:00,5
2023-03-09 14:00:00,7
2023-03-09 15:00:00,0
2023-03-09 16:00:00,2
2023-03-09 17:00:00,6
2023-03-09 18:00:00,9
2023-03-09 19:00:00,6
2023-03-10 09:00:00,5
2023-03-10 10:00:00,6
2023-03-10 11:00:00,1
2023-03-10 12:00:00,0
2023-03-10 13:00:00,6
2023-03-10 14:00:00,4
2023-03-10 15:00:00,8
2023-03-10 16:00:00,5
2023-03-10 17:00:00,4
2023-03-10 18:00:00,8
2023-03-10 19:00:00,4
2023-03-11 09:00:00,6
2023-03-11 10:00:00,4
2023-03-11 11:00:00,2
2023-03-11 12:00:00,2
2023-03-11 13:00:00,9
2023-03-11 14:00:00,7
2023-03-11 15:00:00,8
2023-03-11 16:00:00,4
2023-03-11 17:00:00,7
2023-03-11 18:00:00,9
2023-03-11 19:00:00,4
2023-03-12 09:00:00,4
2023-03-12 10:00:00,6
2023-03-12 11:00:00,2
2023-03-12 12:00:00,5
2023-03-12 13:00:00,4
2023-03-12 14:00:00,5
2023-03-12 15:00:00,6
2023-03-12 16:00:00,3
2023-03-12 17:00:00,8
2023-03-12 18:00:00,3
2023-03-12 19:00:00,7
2023-03-13 09:00:00,9
2023-03-13 10:00:00,9
2023-03-13 11:00:00,4
2023-03-13 12:00:00,3
2023-03-13 13:00:00,7
2023-03-13 14:00:00,5
2023-03-13 15:00:00,7
2023-03-13 16:00:00,12
2023-03-13 17:00:00,5
2023-03-13 18:00:00,1
2023-03-13 19:00:00,5
2023-03-14 09:00:00,3
2023-03-14 10:00:00,6
2023-03-14 11:00:00,9
2023-03-14 12:00:00,6
2023-03-14 13:00:00,5
2023-03-14 14:00:00,1
2023-03-14 15:00:00,2
2023-03-14 16:00:00,4
2023-03-14 17:00:00,6
2023-03-14 18:00:00,4
2023-03-14 19:00:00,6
2023-03-15 09:00:00,7
2023-03-15 10:00:00,8
2023-03-15 11:00:00,5
2023-03-15 12:00:00,9
2023-03-15 13:00:00,2
2023-03-15 14:00:00,5
2023-03-15 15:00:00,7
2023-03-15 16:00:00,7
2023-03-15 17:00:00,7
2023-03-15 18:00:00,5
2023-03-15 19:00:00,3
2023-03-16 09:00:00,5
2023-03-16 10:00:00,10
2023-03-16 11:00:00,4
2023-03-16 12:00:00,4
2023-03-16 13:00:00,0
2023-03-16 14:00:00,6
2023-03-16 15:00:00,6
2023-03-16 16:00:00,7
2023-03-16 17:00:00,4
2023-03-16 18:00:00,4
2023-03-16 19:00:00,4
2023-03-17 09:00:00,9
2023-03-17 10:00:00,2
2023-03-17 11:00:00,7
2023-03-17 12:00:00,6
2023-03-17 13:00:00,7
2023-03-17 14:00:00,7
2023-03-17 15:00:00,5
2023-03-17 16:00:00,0
2023-03-17 17:00:00,5
2023-03-17 18:00:00,5
2023-03-17 19:00:00,7
2023-03-18 09:00:00,6
2023-03-18 10:00:00,9
2023-03-18 11:00:00,9
2023-03-18 12:00:00,4
2023-03-18 13:00:00,7
2023-03-18 14:00:00,5
2023-03-18 15:00:00,1
2023-03-18 16:00:00,3
2023-03-18 17:00:00,3
2023-03-18 18:00:00,4
2023-03-18 19:00:00,4
2023-03-19 09:00:00,0
2023-03-19 10:00:00,7
2023-03-19 11:00:00,3
2023-03-19 12:00:00,6
2023-03-19 13:00:00,5
2023-03-19 14:00:00,5
2023-03-19 15:00:00,5
2023-03-19 16:00:00,5
2023-03-19 17:00:00,4
2023-03-19 18:00:00,4
2023-03-19 19:00:00,3
2023-03-20 09:00:00,7
2023-03-20 10:00:00,4
2023-03-20 11:00:00,1
2023-03-20 12:00:00,7
2023-03-20 13:00:00,7
2023-03-20 14:00:00,5
2023-03-20 15:00:00,8
2023-03-20 16:00:00,8
2023-03-20 17:00:00,9
2023-03-20 18:00:00,7
2023-03-20 19:00:00,6
2023-03-21 09:00:00,6
2023-03-21 10:00:00,3
2023-03-21 11:00:00,6
2023-03-21 12:00:00,3
2023-03-21 13:00:00,4
2023-03-21 14:00:00,8
2023-03-21 15:00:00,6
2023-03-21 16:00:00,6
2023-03-21 17:00:00,4
2023-03-21 18:00:00,8
2023-03-21 19:00:00,6
2023-03-22 09:00:00,3
2023-03-22 10:00:00,8
2023-03-22 11:00:00,9
2023-03-22 12:00:00,9
2023-03-22 13:00:00,3
2023-03-22 14:00:00,7
2023-03-22 15:00:00,10
2023-03-22 16:00:00,4
2023-03-22 17:00:00,5
2023-03-22 18:00:00,8
2023-03-22 19:00:00,4
2023-03-23 09:00:00,4
2023-03-23 10:00:00,5
2023-03-23 11:00:00,7
2023-03-23 12:00:00,7
2023-03-23 13:00:00,4
2023-03-23 14:00:00,8
2023-03-23 15:00:00,6
2023-03-23 16:00:00,4
2023-03-23 17:00:00,3
2023-03-23 18:00:00,4
2023-03-23 19:00:00,6
2023-03-24 09:00:00,2
2023-03-24 10:00:00,2
2023-03-24 11:00:00,5
2023-03-24 12:00:00,4
2023-03-24 13:00:00,3
2023-03-24 14:00:00,6
2023-03-24 15:00:00,2
2023-03-24 16:00:00,6
2023-03-24 17:00:00,3
2023-03-24 18:00:00,9
2023-03-24 19:00:00,5
2023-03-25 09:00:00,6
2023-03-25 10:00:00,5
2023-03-25 11:00:00,2
2023-03-25 12:00:00,3
2023-03-25 13:00:00,7
2023-03-25 14:00:00,6
2023-03-25 15:00:00,0
2023-03-25 16:00:00,6
2023-03-25 17:00:00,4
2023-03-25 18:00:00,5
2023-03-25 19:00:00,4
2023-03-26 09:00:00,5
2023-03-26 10:00:00,3
2023-03-26 11:00:00,5
2023-03-26 12:00:00,0
2023-03-26 13:00:00,7
2023-03-26 14:00:00,8
2023-03-26 15:00:00,11
2023-03-26 16:00:00,4
2023-03-26 17:00:00,3
2023-03-26 18:00:00,7
2023-03-26 19:00:00,0
2023-03-27 09:00:00,4
2023-03-27 10:00:00,5
2023-03-27 11:00:00,2
2023-03-27 12:00:00,7
2023-03-27 13:00:00,5
2023-03-27 14:00:00,5
2023-03-27 15:00:00,5
2023-03-27 16:00:00,4
2023-03-27 17:00:00,3
2023-03-27 18:00:00,5
2023-03-27 19:00:00,4
2023-03-28 09:00:00,7
2023-03-28 10:00:00,8
2023-03-28 11:00:00,3
2023-03-28 12:00:00,8
2023-03-28 13:00:00,7
2023-03-28 14:00:00,1
2023-03-28 15:00:00,3
2023-03-28 16:00:00,5
2023-03-28 17:00:00,0
2023-03-28 18:00:00,10
2023-03-28 19:00:00,4
2023-03-29 09:00:00,5
2023-03-29 10:00:00,8
2023-03-29 11:00:00,6
2023-03-29 12:00:00,7
2023-03-29 13:00:00,9
2023-03-29 14:00:00,10
2023-03-29 15:00:00,5
2023-03-29 16:00:00,6
2023-03-29 17:00:00,7
2023-03-29 18:00:00,2
2023-03-29 19:00:00,5
2023-03-30 09:00:00,8
2023-03-30 10:00:00,4
2023-03-30 11:00:00,9
2023-03-30 12:00:00,1
2023-03-30 13:00:00,6
2023-03-30 14:00:00,5
2023-03-30 15:00:00,8
2023-03-30 16:00:00,11
2023-03-30 17:00:00,1
2023-03-30 18:00:00,7
2023-03-30 19:00:00,3
2023-03-31 09:00:00,5
2023-03-31 10:00:00,5
2023-03-31 11:00:00,6
2023-03-31 12:00:00,7
2023-03-31 13:00:00,7
2023-03-31 14:00:00,4
2023-03-31 15:00:00,6
2023-03-31 16:00:00,7
2023-03-31 17:00:00,5
2023-03-31 18:00:00,1
2023-03-31 19:00:00,4
2023-04-01 09:00:00,8
2023-04-01 10:00:00,1
2023-04-01 11:00:00,1
2023-04-01 12:00:00,1
2023-04-01 13:00:00,6
2023-04-01 14:00:00,7
2023-04-01 15:00:00,5
2023-04-01 16:00:00,4
2023-04-01 17:00:00,8
2023-04-01 18:00:00,4
2023-04-01 19:00:00,7
2023-04-02 09:00:00,7
2023-04-02 10:00:00,9
2023-04-02 11:00:00,4
2023-04-02 12:00:00,2
2023-04-02 13:00:00,7
2023-04-02 14:00:00,6
2023-04-02 15:00:00,9
2023-04-02 16:00:00,7
2023-04-02 17:00:00,3
2023-04-02 18:00:00,8
2023-04-02 19:00:00,4
2023-04-03 09:00:00,4
2023-04-03 10:00:00,6
2023-04-03 11:00:00,7
2023-04-03 12:00:00,4
2023-04-03 13:00:00,3
2023-04-03 14:00:00,5
2023-04-03 15:00:00,7
2023-04-03 16:00:00,4
2023-04-03 17:00:00,4
2023-04-03 18:00:00,3
2023-04-03 19:00:00,6
2023-04-04 09:00:00,5
2023-04-04 10:00:00,10
2023-04-04 11:00:00,0
2023-04-04 12:00:00,7
2023-04-04 13:00:00,6
2023-04-04 14:00:00,3
2023-04-04 15:00:00,4
2023-04-04 16:00:00,7
2023-04-04 17:00:00,6
2023-04-04 18:00:00,7
2023-04-04 19:00:00,7
2023-04-05 09:00:00,7
2023-04-05 10:00:00,0
2023-04-05 11:00:00,4
2023-04-05 12:00:00,5
2023-04-05 13:00:00,5
2023-04-05 14:00:00,1
2023-04-05 15:00:00,8
2023-04-05 16:00:00,9
2023-04-05 17:00:00,2
2023-04-05 18:00:00,6
2023-04-05 19:00:00,1
2023-04-06 09:00:00,5
2023-04-06 10:00:00,8
2023-04-06 11:00:00,4
2023-04-06 12:00:00,5
2023-04-06 13:00:00,10
2023-04-06 14:00:00,5
2023-04-06 15:00:00,4
2023-04-06 16:00:00,8
2023-04-06 17:00:00,6
2023-04-06 18:00:00,4
2023-04-06 19:00:00,7
2023-04-07 09:00:00,9
2023-04-07 10:00:00,4
2023-04-07 11:00:00,5
2023-04-07 12:00:00,2
2023-04-07 13:00:00,6
2023-04-07 14:00:00,4
2023-04-07 15:00:00,9
2023-04-07 16:00:00,3
2023-04-07 17:00:00,6
2023-04-07 18:00:00,5
2023-04-07 19:00:00,3
2023-04-08 09:00:00,1
2023-04-08 10:00:00,3
2023-04-08 11:00:00,5
2023-04-08 12:00:00,8
2023-04-08 13:00:00,5
2023-04-08 14:00:00,2
2023-04-08 15:00:00,8
2023-04-08 16:00:00,7
2023-04-08 17:00:00,3
2023-04-08 18:00:00,5
2023-04-08 19:00:00,0
2023-04-09 09:00:00,4
2023-04-09 10:00:00,8
2023-04-09 11:00:00,3
2023-04-09 12:00:00,6
2023-04-09 13:00:00,7
2023-04-09 14:00:00,3
2023-04-09 15:00:00,5
2023-04-09 16:00:00,4
2023-04-09 17:00:00,1
2023-04-09 18:00:00,5
2023-04-09 19:00:00,8
2023-04-10 09:00:00,4
2023-04-10 10:00:00,3
2023-04-10 11:00:00,11
2023-04-10 12:00:00,4
2023-04-10 13:00:00,6
2023-04-10 14:00:00,4
2023-04-10 15:00:00,5
2023-04-10 16:00:00,0
2023-04-10 17:00:00,0
2023-04-10 18:00:00,6
2023-04-10 19:00:00,6
2023-04-11 09:00:00,5
2023-04-11 10:00:00,7
2023-04-11 11:00:00,0
2023-04-11 12:00:00,7
2023-04-11 13:00:00,6
2023-04-11 14:00:00,5
2023-04-11 15:00:00,5
2023-04-11 16:00:00,4
2023-04-11 17:00:00,7
2023-04-11 18:00:00,3
2023-04-11 19:00:00,0
2023-04-12 09:00:00,3
2023-04-12 10:00:00,5
2023-04-12 11:00:00,6
2023-04-12 12:00:00,2
2023-04-12 13:00:00,4
2023-04-12 14:00:00,8
2023-04-12 15:00:00,1
2023-04-12 16:00:00,8
2023-04-12 17:00:00,7
2023-04-12 18:00:00,4
2023-04-12 19:00:00,4
2023-04-13 09:00:00,4
2023-04-13 10:00:00,3
2023-04-13 11:00:00,3
2023-04-13 12:00:00,6
2023-04-13 13:00:00,6
2023-04-13 14:00:00,6
2023-04-13 15:00:00,2
2023-04-13 16:00:00,8
2023-04-13 17:00:00,0
2023-04-13 18:00:00,9
2023-04-13 19:00:00,0
2023-04-14 09:00:00,6
2023-04-14 10:00:00,4
2023-04-14 11:00:00,4
2023-04-14 12:00:00,5
2023-04-14 13:00:00,7
2023-04-14 14:00:00,9
2023-04-14 15:00:00,4
2023-04-14 16:00:00,3
2023-04-14 17:00:00,2
2023-04-14 18:00:00,7
2023-04-14 19:00:00,2
2023-04-15 09:00:00,7
2023-04-15 10:00:00,5
2023-04-15 11:00:00,2
2023-04-15 12:00:00,6
2023-04-15 13:00:00,10
2023-04-15 14:00:00,6
2023-04-15 15:00:00,6
2023-04-15 16:00:00,1
2023-04-15 17:00:00,6
2023-04-15 18:00:00,3
2023-04-15 19:00:00,8
2023-04-16 09:00:00,6
2023-04-16 10:00:00,3
2023-04-16 11:00:00,8
2023-04-16 12:00:00,10
2023-04-16 13:00:00,6
2023-04-16 14:00:00,6
2023-04-16 15:00:00,7
2023-04-16 16:00:00,9
2023-04-16 17:00:00,4
2023-04-16 18:00:00,6
2023-04-16 19:00:00,7
2023-04-17 09:00:00,5
2023-04-17 10:00:00,3
2023-04-17 11:00:00,3
2023-04-17 12:00:00,7
2023-04-17 13:00:00,2
2023-04-17 14:00:00,5
2023-04-17 15:00:00,7
2023-04-17 16:00:00,4
2023-04-17 17:00:00,4
2023-04-17 18:00:00,7
2023-04-17 19:00:00,3
2023-04-18 09:00:00,6
2023-04-18 10:00:00,11
2023-04-18 11:00:00,5
2023-04-18 12:00:00,5
2023-04-18 13:00:00,3
2023-04-18 14:00:00,11
2023-04-18 15:00:00,3
2023-04-18 16:00:00,6
2023-04-18 17:00:00,5
2023-04-18 18:00:00,4
2023-04-18 19:00:00,2
2023-04-19 09:00:00,7
2023-04-19 10:00:00,3
2023-04-19 11:00:00,2
2023-04-19 12:00:00,7
2023-04-19 13:00:00,3
2023-04-19 14:00:00,6
2023-04-19 15:00:00,8
2023-04-19 16:00:00,5
2023-04-19 17:00:00,4
2023-04-19 18:00:00,4
2023-04-19 19:00:00,7
2023-04-20 09:00:00,6
2023-04-20 10:00:00,10
2023-04-20 11:00:00,8
2023-04-20 12:00:00,5
2023-04-20 13:00:00,4
2023-04-20 14:00:00,4
2023-04-20 15:00:00,6
2023-04-20 16:00:00,3
2023-04-20 17:00:00,1
2023-04-20 18:00:00,3
2023-04-20 19:00:00,6
2023-04-21 09:00:00,5
2023-04-21 10:00:00,5
2023-04-21 11:00:00,5
2023-04-21 12:00:00,5
2023-04-21 13:00:00,6
2023-04-21 14:00:00,2
2023-04-21 15:00:00,6
2023-04-21 16:00:00,4
2023-04-21 17:00:00,9
2023-04-21 18:00:00,3
2023-04-21 19:00:00,6
2023-04-22 09:00:00,3
2023-04-22 10:00:00,4
2023-04-22 11:00:00,9
2023-04-22 12:00:00,9
2023-04-22 13:00:00,3
2023-04-22 14:00:00,5
2023-04-22 15:00:00,2
2023-04-22 16:00:00,7
2023-04-22 17:00:00,5
2023-04-22 18:00:00,3
2023-04-22 19:00:00,3
2023-04-23 09:00:00,11
2023-04-23 10:00:00,4
2023-04-23 11:00:00,6
2023-04-23 12:00:00,9
2023-04-23 13:00:00,1
2023-04-23 14:00:00,5
2023-04-23 15:00:00,5
2023-04-23 16:00:00,4
2023-04-23 17:00:00,5
2023-04-23 18:00:00,6
2023-04-23 19:00:00,6
2023-04-24 09:00:00,1
2023-04-24 10:00:00,4
2023-04-24 11:00:00,4
2023-04-24 12:00:00,7
2023-04-24 13:00:00,2
2023-04-24 14:00:00,10
2023-04-24 15:00:00,7
2023-04-24 16:00:00,6
2023-04-24 17:00:00,3
2023-04-24 18:00:00,9
2023-04-24 19:00:00,6
2023-04-25 09:00:00,8
2023-04-25 10:00:00,4
2023-04-25 11:00:00,8
2023-04-25 12:00:00,5
2023-04-25 13:00:00,2
2023-04-25 14:00:00,7
2023-04-25 15:00:00,4
2023-04-25 16:00:00,6
2023-04-25 17:00:00,2
2023-04-25 18:00:00,5
2023-04-25 19:00:00,2
2023-04-26 09:00:00,7
2023-04-26 10:00:00,5
2023-04-26 11:00:00,2
2023-04-26 12:00:00,7
2023-04-26 13:00:00,7
2023-04-26 14:00:00,4
2023-04-26 15:00:00,0
2023-04-26 16:00:00,5
2023-04-26 17:00:00,7
2023-04-26 18:00:00,4
2023-04-26 19:00:00,8
2023-04-27 09:00:00,5
2023-04-27 10:00:00,6
2023-04-27 11:00:00,6
2023-04-27 12:00:00,5
2023-04-27 13:00:00,6
2023-04-27 14:00:00,4
2023-04-27 15:00:00,7
2023-04-27 16:00:00,5
2023-04-27 17:00:00,0
2023-04-27 18:00:00,5
2023-04-27 19:00:00,6
2023-04-28 09:00:00,4
2023-04-28 10:00:00,4
2023-04-28 11:00:00,7
2023-04-28 12:00:00,5
2023-04-28 13:00:00,7
2023-04-28 14:00:00,8
2023-04-28 15:00:00,6
2023-04-28 16:00:00,6
2023-04-28 17:00:00,3
2023-04-28 18:00:00,4
2023-04-28 19:00:00,6
2023-04-29 09:00:00,6
2023-04-29 10:00:00,5
2023-04-29 11:00:00,9
2023-04-29 12:00:00,1
2023-04-29 13:00:00,8
2023-04-29 14:00:00,7
2023-04-29 15:00:00,4
2023-04-29 16:00:00,5
2023-04-29 17:00:00,7
2023-04-29 18:00:00,6
2023-04-29 19:00:00,5
2023-04-30 09:00:00,5
2023-04-30 10:00:00,8
2023-04-30 11:00:00,9
2023-04-30 12:00:00,5
2023-04-30 13:00:00,5
2023-04-30 14:00:00,1
2023-04-30 15:00:00,4
2023-04-30 16:00:00,7
2023-04-30 17:00:00,7
2023-04-30 18:00:00,3
2023-04-30 19:00:00,8
2023-05-01 09:00:00,6
2023-05-01 10:00:00,7
2023-05-01 11:00:00,4
2023-05-01 12:00:00,8
2023-05-01 13:00:00,5
2023-05-01 14:00:00,5
2023-05-01 15:00:00,4
2023-05-01 16:00:00,7
2023-05-01 17:00:00,3
2023-05-01 18:00:00,6
2023-05-01 19:00:00,2
2023-05-02 09:00:00,1
2023-05-02 10:00:00,1
2023-05-02 11:00:00,4
2023-05-02 12:00:00,7
2023-05-02 13:00:00,4
2023-05-02 14:00:00,4
2023-05-02 15:00:00,8
2023-05-02 16:00:00,8
2023-05-02 17:00:00,5
2023-05-02 18:00:00,2
2023-05-02 19:00:00,9
2023-05-03 09:00:00,4
2023-05-03 10:00:00,3
2023-05-03 11:00:00,4
2023-05-03 12:00:00,10
2023-05-03 13:00:00,3
2023-05-03 14:00:00,6
2023-05-03 15:00:00,4
2023-05-03 16:00:00,6
2023-05-03 17:00:00,0
2023-05-03 18:00:00,5
2023-05-03 19:00:00,4
2023-05-04 09:00:00,8
2023-05-04 10:00:00,4
2023-05-04 11:00:00,2
2023-05-04 12:00:00,7
2023-05-04 13:00:00,5
2023-05-04 14:00:00,8
2023-05-04 15:00:00,7
2023-05-04 16:00:00,7
2023-05-04 17:00:00,4
2023-05-04 18:00:00,3
2023-05-04 19:00:00,6
2023-05-05 09:00:00,6
2023-05-05 10:00:00,5
2023-05-05 11:00:00,6
2023-05-05 12:00:00,6
2023-05-05 13:00:00,3
2023-05-05 14:00:00,7
2023-05-05 15:00:00,1
2023-05-05 16:00:00,10
2023-05-05 17:00:00,6
2023-05-05 18:00:00,7
2023-05-05 19:00:00,2
2023-05-06 09:00:00,5
2023-05-06 10:00:00,5
2023-05-06 11:00:00,6
2023-05-06 12:00:00,11
2023-05-06 13:00:00,0
2023-05-06 14:00:00,5
2023-05-06 15:00:00,11
2023-05-06 16:00:00,5
2023-05-06 17:00:00,0
2023-05-06 18:00:00,5
2023-05-06 19:00:00,2
2023-05-07 09:00:00,7
2023-05-07 10:00:00,5
2023-05-07 11:00:00,3
2023-05-07 12:00:00,2
2023-05-07 13:00:00,5
2023-05-07 14:00:00,7
2023-05-07 15:00:00,7
2023-05-07 16:00:00,3
2023-05-07 17:00:00,4
2023-05-07 18:00:00,4
2023-05-07 19:00:00,7
2023-05-08 09:00:00,5
2023-05-08 10:00:00,3
2023-05-08 11:00:00,4
2023-05-08 12:00:00,7
2023-05-08 13:00:00,4
2023-05-08 14:00:00,1
2023-05-08 15:00:00,6
2023-05-08 16:00:00,0
2023-05-08 17:00:00,11
2023-05-08 18:00:00,4
2023-05-08 19:00:00,4
2023-05-09 09:00:00,9
2023-05-09 10:00:00,5
2023-05-09 11:00:00,6
2023-05-09 12:00:00,4
2023-05-09 13:00:00,4
2023-05-09 14:00:00,3
2023-05-09 15:00:00,7
2023-05-09 16:00:00,8
2023-05-09 17:00:00,3
2023-05-09 18:00:00,5
2023-05-09 19:00:00,3
2023-05-10 09:00:00,6
2023-05-10 10:00:00,7
2023-05-10 11:00:00,5
2023-05-10 12:00:00,3
2023-05-10 13:00:00,5
2023-05-10 14:00:00,2
2023-05-10 15:00:00,3
2023-05-10 16:00:00,1
2023-05-10 17:00:00,4
2023-05-10 18:00:00,2
2023-05-10 19:00:00,5
2023-05-11 09:00:00,5
2023-05-11 10:00:00,3
2023-05-11 11:00:00,7
2023-05-11 12:00:00,4
2023-05-11 13:00:00,7
2023-05-11 14:00:00,6
2023-05-11 15:00:00,6
2023-05-11 16:00:00,5
2023-05-11 17:00:00,4
2023-05-11 18:00:00,6
2023-05-11 19:00:00,5
2023-05-12 09:00:00,4
2023-05-12 10:00:00,4
2023-05-12 11:00:00,7
2023-05-12 12:00:00,5
2023-05-12 13:00:00,9
2023-05-12 14:00:00,7
2023-05-12 15:00:00,4
2023-05-12 16:00:00,3
2023-05-12 17:00:00,4
2023-05-12 18:00:00,5
2023-05-12 19:00:00,6
2023-05-13 09:00:00,3
2023-05-13 10:00:00,4
2023-05-13 11:00:00,6
2023-05-13 12:00:00,3
2023-05-13 13:00:00,6
2023-05-13 14:00:00,6
2023-05-13 15:00:00,6
2023-05-13 16:00:00,6
2023-05-13 17:00:00,8
2023-05-13 18:00:00,1
2023-05-13 19:00:00,5
2023-05-14 09:00:00,8
2023-05-14 10:00:00,7
2023-05-14 11:00:00,6
2023-05-14 12:00:00,5
2023-05-14 13:00:00,1
2023-05-14 14:00:00,8
2023-05-14 15:00:00,3
2023-05-14 16:00:00,6
2023-05-14 17:00:00,5
2023-05-14 18:00:00,6
2023-05-14 19:00:00,6
2023-05-15 09:00:00,5
2023-05-15 10:00:00,4
2023-05-15 11:00:00,5
2023-05-15 12:00:00,2
2023-05-15 13:00:00,4
2023-05-15 14:00:00,6
2023-05-15 15:00:00,6
2023-05-15 16:00:00,6
2023-05-15 17:00:00,2
2023-05-15 18:00:00,3
2023-05-15 19:00:00,3
2023-05-16 09:00:00,7
2023-05-16 10:00:00,4
2023-05-16 11:00:00,5
2023-05-16 12:00:00,5
2023-05-16 13:00:00,5
2023-05-16 14:00:00,4
2023-05-16 15:00:00,4
2023-05-16 16:00:00,3
2023-05-16 17:00:00,7
2023-05-16 18:00:00,5
2023-05-16 19:00:00,6
2023-05-17 09:00:00,1
2023-05-17 10:00:00,4
2023-05-17 11:00:00,7
2023-05-17 12:00:00,7
2023-05-17 13:00:00,7
2023-05-17 14:00:00,3
2023-05-17 15:00:00,8
2023-05-17 16:00:00,5
2023-05-17 17:00:00,3
2023-05-17 18:00:00,6
2023-05-17 19:00:00,10
2023-05-18 09:00:00,7
2023-05-18 10:00:00,1
2023-05-18 11:00:00,3
2023-05-18 12:00:00,4
2023-05-18 13:00:00,4
2023-05-18 14:00:00,6
2023-05-18 15:00:00,5
2023-05-18 16:00:00,7
2023-05-18 17:00:00,6
2023-05-18 18:00:00,2
2023-05-18 19:00:00,2
2023-05-19 09:00:00,6
2023-05-19 10:00:00,9
2023-05-19 11:00:00,2
2023-05-19 12:00:00,4
2023-05-19 13:00:00,5
2023-05-19 14:00:00,8
2023-05-19 15:00:00,3
2023-05-19 16:00:00,8
2023-05-19 17:00:00,4
2023-05-19 18:00:00,5
2023-05-19 19:00:00,6
2023-05-20 09:00:00,5
2023-05-20 10:00:00,3
2023-05-20 11:00:00,5
2023-05-20 12:00:00,8
2023-05-20 13:00:00,4
2023-05-20 14:00:00,8
2023-05-20 15:00:00,4
2023-05-20 16:00:00,2
2023-05-20 17:00:00,6
2023-05-20 18:00:00,6
2023-05-20 19:00:00,7
2023-05-21 09:00:00,6
2023-05-21 10:00:00,1
2023-05-21 11:00:00,4
2023-05-21 12:00:00,3
2023-05-21 13:00:00,5
2023-05-21 14:00:00,7
2023-05-21 15:00:00,7
2023-05-21 16:00:00,2
2023-05-21 17:00:00,2
2023-05-21 18:00:00,6
2023-05-21 19:00:00,5
2023-05-22 09:00:00,4
2023-05-22 10:00:00,5
2023-05-22 11:00:00,4
2023-05-22 12:00:00,6
2023-05-22 13:00:00,7
2023-05-22 14:00:00,6
2023-05-22 15:00:00,6
2023-05-22 16:00:00,7
2023-05-22 17:00:00,3
2023-05-22 18:00:00,8
2023-05-22 19:00:00,7
2023-05-23 09:00:00,2
2023-05-23 10:00:00,4
2023-05-23 11:00:00,6
2023-05-23 12:00:00,5
2023-05-23 13:00:00,6
2023-05-23 14:00:00,7
2023-05-23 15:00:00,7
2023-05-23 16:00:00,0
2023-05-23 17:00:00,7
2023-05-23 18:00:00,4
2023-05-23 19:00:00,5
2023-05-24 09:00:00,4
2023-05-24 10:00:00,8
2023-05-24 11:00:00,10
2023-05-24 12:00:00,6
2023-05-24 13:00:00,7
2023-05-24 14:00:00,8
2023-05-24 15:00:00,9
2023-05-24 16:00:00,6
2023-05-24 17:00:00,4
2023-05-24 18:00:00,9
2023-05-24 19:00:00,0
2023-05-25 09:00:00,5
2023-05-25 10:00:00,6
2023-05-25 11:00:00,6
2023-05-25 12:00:00,5
2023-05-25 13:00:00,6
2023-05-25 14:00:00,1
2023-05-25 15:00:00,5
2023-05-25 16:00:00,7
2023-05-25 17:00:00,6
2023-05-25 18:00:00,5
2023-05-25 19:00:00,5
2023-05-26 09:00:00,7
2023-05-26 10:00:00,5
2023-05-26 11:00:00,2
2023-05-26 12:00:00,4
2023-05-26 13:00:00,1
2023-05-26 14:00:00,4
2023-05-26 15:00:00,6
2023-05-26 16:00:00,4
2023-05-26 17:00:00,6
2023-05-26 18:00:00,6
2023-05-26 19:00:00,8
2023-05-27 09:00:00,1
2023-05-27 10:00:00,7
2023-05-27 11:00:00,1
2023-05-27 12:00:00,4
2023-05-27 13:00:00,3
2023-05-27 14:00:00,6
2023-05-27 15:00:00,7
2023-05-27 16:00:00,9
2023-05-27 17:00:00,8
2023-05-27 18:00:00,3
2023-05-27 19:00:00,6
2023-05-28 09:00:00,9
2023-05-28 10:00:00,5
2023-05-28 11:00:00,0
2023-05-28 12:00:00,13
2023-05-28 13:00:00,3
2023-05-28 14:00:00,7
2023-05-28 15:00:00,1
2023-05-28 16:00:00,7
2023-05-28 17:00:00,6
2023-05-28 18:00:00,1
2023-05-28 19:00:00,4
2023-05-29 09:00:00,5
2023-05-29 10:00:00,2
2023-05-29 11:00:00,2
2023-05-29 12:00:00,4
2023-05-29 13:00:00,10
2023-05-29 14:00:00,7
2023-05-29 15:00:00,3
2023-05-29 16:00:00,5
2023-05-29 17:00:00,7
2023-05-29 18:00:00,4
2023-05-29 19:00:00,9
2023-05-30 09:00:00,6
2023-05-30 10:00:00,5
2023-05-30 11:00:00,6
2023-05-30 12:00:00,1
2023-05-30 13:00:00,1
2023-05-30 14:00:00,4
2023-05-30 15:00:00,4
2023-05-30 16:00:00,3
2023-05-30 17:00:00,6
2023-05-30 18:00:00,6
2023-05-30 19:00:00,8
2023-05-31 09:00:00,4
2023-05-31 10:00:00,7
2023-05-31 11:00:00,2
2023-05-31 12:00:00,5
2023-05-31 13:00:00,10
2023-05-31 14:00:00,4
2023-05-31 15:00:00,4
2023-05-31 16:00:00,4
2023-05-31 17:00:00,6
2023-05-31 18:00:00,4
2023-05-31 19:00:00,5
2023-06-01 09:00:00,7
2023-06-01 10:00:00,9
2023-06-01 11:00:00,8
2023-06-01 12:00:00,4
2023-06-01 13:00:00,5
2023-06-01 14:00:00,3
2023-06-01 15:00:00,6
2023-06-01 16:00:00,6
2023-06-01 17:00:00,4
2023-06-01 18:00:00,5
2023-06-01 19:00:00,6
2023-06-02 09:00:00,3
2023-06-02 10:00:00,3
2023-06-02 11:00:00,4
2023-06-02 12:00:00,2
2023-06-02 13:00:00,5
2023-06-02 14:00:00,6
2023-06-02 15:00:00,6
2023-06-02 16:00:00,4
2023-06-02 17:00:00,4
2023-06-02 18:00:00,6
2023-06-02 19:00:00,5
2023-06-03 09:00:00,4
2023-06-03 10:00:00,5
2023-06-03 11:00:00,3
2023-06-03 12:00:00,10
2023-06-03 13:00:00,4
2023-06-03 14:00:00,3
2023-06-03 15:00:00,6
2023-06-03 16:00:00,7
2023-06-03 17:00:00,4
2023-06-03 18:00:00,5
2023-06-03 19:00:00,6
2023-06-04 09:00:00,7
2023-06-04 10:00:00,6
2023-06-04 11:00:00,4
2023-06-04 12:00:00,4
2023-06-04 13:00:00,4
2023-06-04 14:00:00,7
2023-06-04 15:00:00,5
2023-06-04 16:00:00,10
2023-06-04 17:00:00,2
2023-06-04 18:00:00,1
2023-06-04 19:00:00,11
2023-06-05 09:00:00,5
2023-06-05 10:00:00,6
2023-06-05 11:00:00,8
2023-06-05 12:00:00,5
2023-06-05 13:00:00,3
2023-06-05 14:00:00,6
2023-06-05 15:00:00,4
2023-06-05 16:00:00,9
2023-06-05 17:00:00,3
2023-06-05 18:00:00,5
2023-06-05 19:00:00,3
2023-06-06 09:00:00,4
2023-06-06 10:00:00,8
2023-06-06 11:00:00,5
2023-06-06 12:00:00,5
2023-06-06 13:00:00,3
2023-06-06 14:00:00,6
2023-06-06 15:00:00,5
2023-06-06 16:00:00,5
2023-06-06 17:00:00,6
2023-06-06 18:00:00,9
2023-06-06 19:00:00,4
2023-06-07 09:00:00,3
2023-06-07 10:00:00,5
2023-06-07 11:00:00,8
2023-06-07 12:00:00,4
2023-06-07 13:00:00,6
2023-06-07 14:00:00,5
2023-06-07 15:00:00,4
2023-06-07 16:00:00,6
2023-06-07 17:00:00,4
2023-06-07 18:00:00,3
2023-06-07 19:00:00,1
2023-06-08 09:00:00,3
2023-06-08 10:00:00,5
2023-06-08 11:00:00,5
2023-06-08 12:00:00,3
2023-06-08 13:00:00,7
2023-06-08 14:00:00,8
2023-06-08 15:00:00,5
2023-06-08 16:00:00,5
2023-06-08 17:00:00,2
2023-06-08 18:00:00,4
2023-06-08 19:00:00,6
2023-06-09 09:00:00,6
2023-06-09 10:00:00,5
2023-06-09 11:00:00,4
2023-06-09 12:00:00,5
2023-06-09 13:00:00,2
2023-06-09 14:00:00,15
2023-06-09 15:00:00,6
2023-06-09 16:00:00,7
2023-06-09 17:00:00,4
2023-06-09 18:00:00,4
2023-06-09 19:00:00,8
2023-06-10 09:00:00,8
2023-06-10 10:00:00,8
2023-06-10 11:00:00,7
2023-06-10 12:00:00,4
2023-06-10 13:00:00,7
2023-06-10 14:00:00,8
2023-06-10 15:00:00,0
2023-06-10 16:00:00,3
2023-06-10 17:00:00,7
2023-06-10 18:00:00,7
2023-06-10 19:00:00,7
2023-06-11 09:00:00,5
2023-06-11 10:00:00,0
2023-06-11 11:00:00,2
2023-06-11 12:00:00,4
2023-06-11 13:00:00,8
2023-06-11 14:00:00,2
2023-06-11 15:00:00,9
2023-06-11 16:00:00,5
2023-06-11 17:00:00,7
2023-06-11 18:00:00,3
2023-06-11 19:00:00,2
2023-06-12 09:00:00,6
2023-06-12 10:00:00,1
2023-06-12 11:00:00,5
2023-06-12 12:00:00,6
2023-06-12 13:00:00,2
2023-06-12 14:00:00,6
2023-06-12 15:00:00,8
2023-06-12 16:00:00,7
2023-06-12 17:00:00,4
2023-06-12 18:00:00,6
2023-06-12 19:00:00,6
2023-06-13 09:00:00,2
2023-06-13 10:00:00,8
2023-06-13 11:00:00,9
2023-06-13 12:00:00,4
2023-06-13 13:00:00,5
2023-06-13 14:00:00,0
2023-06-13 15:00:00,6
2023-06-13 16:00:00,5
2023-06-13 17:00:00,6
2023-06-13 18:00:00,6
2023-06-13 19:00:00,2
2023-06-14 09:00:00,4
2023-06-14 10:00:00,5
2023-06-14 11:00:00,5
2023-06-14 12:00:00,5
2023-06-14 13:00:00,5
2023-06-14 14:00:00,4
2023-06-14 15:00:00,10
2023-06-14 16:00:00,2
2023-06-14 17:00:00,9
2023-06-14 18:00:00,11
2023-06-14 19:00:00,7
2023-06-15 09:00:00,5
2023-06-15 10:00:00,10
2023-06-15 11:00:00,6
2023-06-15 12:00:00,4
2023-06-15 13:00:00,3
2023-06-15 14:00:00,5
2023-06-15 15:00:00,4
2023-06-15 16:00:00,5
2023-06-15 17:00:00,5
2023-06-15 18:00:00,7
2023-06-15 19:00:00,5
2023-06-16 09:00:00,6
2023-06-16 10:00:00,6
2023-06-16 11:00:00,8
2023-06-16 12:00:00,6
2023-06-16 13:00:00,5
2023-06-16 14:00:00,4
2023-06-16 15:00:00,5
2023-06-16 16:00:00,3
2023-06-16 17:00:00,6
2023-06-16 18:00:00,1
2023-06-16 19:00:00,6
2023-06-17 09:00:00,6
2023-06-17 10:00:00,4
2023-06-17 11:00:00,8
2023-06-17 12:00:00,6
2023-06-17 13:00:00,4
2023-06-17 14:00:00,2
2023-06-17 15:00:00,3
2023-06-17 16:00:00,4
2023-06-17 17:00:00,8
2023-06-17 18:00:00,4
2023-06-17 19:00:00,5
2023-06-18 09:00:00,9
2023-06-18 10:00:00,1
2023-06-18 11:00:00,4
2023-06-18 12:00:00,3
2023-06-18 13:00:00,3
2023-06-18 14:00:00,3
2023-06-18 15:00:00,10
2023-06-18 16:00:00,5
2023-06-18 17:00:00,5
2023-06-18 18:00:00,5
2023-06-18 19:00:00,3
2023-06-19 09:00:00,5
2023-06-19 10:00:00,1
2023-06-19 11:00:00,5
2023-06-19 12:00:00,5
2023-06-19 13:00:00,7
2023-06-19 14:00:00,5
2023-06-19 15:00:00,2
2023-06-19 16:00:00,3
2023-06-19 17:00:00,6
2023-06-19 18:00:00,10
2023-06-19 19:00:00,5
2023-06-20 09:00:00,2
2023-06-20 10:00:00,9
2023-06-20 11:00:00,3
2023-06-20 12:00:00,4
2023-06-20 13:00:00,9
2023-06-20 14:00:00,4
2023-06-20 15:00:00,5
2023-06-20 16:00:00,8
2023-06-20 17:00:00,4
2023-06-20 18:00:00,5
2023-06-20 19:00:00,1
2023-06-21 09:00:00,8
2023-06-21 10:00:00,4
2023-06-21 11:00:00,4
2023-06-21 12:00:00,2
2023-06-21 13:00:00,2
2023-06-21 14:00:00,10
2023-06-21 15:00:00,5
2023-06-21 16:00:00,6
2023-06-21 17:00:00,6
2023-06-21 18:00:00,5
2023-06-21 19:00:00,4
2023-06-22 09:00:00,3
2023-06-22 10:00:00,4
2023-06-22 11:00:00,6
2023-06-22 12:00:00,5
2023-06-22 13:00:00,6
2023-06-22 14:00:00,2
2023-06-22 15:00:00,8
2023-06-22 16:00:00,6
2023-06-22 17:00:00,4
2023-06-22 18:00:00,3
2023-06-22 19:00:00,2
2023-06-23 09:00:00,4
2023-06-23 10:00:00,4
2023-06-23 11:00:00,6
2023-06-23 12:00:00,5
2023-06-23 13:00:00,5
2023-06-23 14:00:00,4
2023-06-23 15:00:00,4
2023-06-23 16:00:00,2
2023-06-23 17:00:00,6
2023-06-23 18:00:00,4
2023-06-23 19:00:00,1
2023-06-24 09:00:00,6
2023-06-24 10:00:00,4
2023-06-24 11:00:00,7
2023-06-24 12:00:00,7
2023-06-24 13:00:00,5
2023-06-24 14:00:00,4
2023-06-24 15:00:00,5
2023-06-24 16:00:00,4
2023-06-24 17:00:00,7
2023-06-24 18:00:00,2
2023-06-24 19:00:00,3
2023-06-25 09:00:00,0
2023-06-25 10:00:00,10
2023-06-25 11:00:00,6
2023-06-25 12:00:00,5
2023-06-25 13:00:00,2
2023-06-25 14:00:00,9
2023-06-25 15:00:00,5
2023-06-25 16:00:00,7
2023-06-25 17:00:00,9
2023-06-25 18:00:00,7
2023-06-25 19:00:00,3
2023-06-26 09:00:00,5
2023-06-26 10:00:00,6
2023-06-26 11:00:00,6
2023-06-26 12:00:00,5
2023-06-26 13:00:00,4
2023-06-26 14:00:00,3
2023-06-26 15:00:00,2
2023-06-26 16:00:00,6
2023-06-26 17:00:00,3
2023-06-26 18:00:00,11
2023-06-26 19:00:00,3
2023-06-27 09:00:00,2
2023-06-27 10:00:00,7
2023-06-27 11:00:00,6
2023-06-27 12:00:00,8
2023-06-27 13:00:00,5
2023-06-27 14:00:00,3
2023-06-27 15:00:00,3
2023-06-27 16:00:00,1
2023-06-27 17:00:00,5
2023-06-27 18:00:00,9
2023-06-27 19:00:00,4
2023-06-28 09:00:00,3
2023-06-28 10:00:00,9
2023-06-28 11:00:00,6
2023-06-28 12:00:00,0
2023-06-28 13:00:00,1
2023-06-28 14:00:00,4
2023-06-28 15:00:00,4
2023-06-28 16:00:00,6
2023-06-28 17:00:00,4
2023-06-28 18:00:00,1
2023-06-28 19:00:00,6
2023-06-29 09:00:00,2
2023-06-29 10:00:00,1
2023-06-29 11:00:00,5
2023-06-29 12:00:00,3
2023-06-29 13:00:00,3
2023-06-29 14:00:00,1
2023-06-29 15:00:00,6
2023-06-29 16:00:00,4
2023-06-29 17:00:00,5
2023-06-29 18:00:00,3
2023-06-29 19:00:00,5
2023-06-30 09:00:00,2
2023-06-30 10:00:00,2
2023-06-30 11:00:00,8
2023-06-30 12:00:00,5
2023-06-30 13:00:00,9
2023-06-30 14:00:00,3
2023-06-30 15:00:00,6
2023-06-30 16:00:00,3
2023-06-30 17:00:00,3
2023-06-30 18:00:00,5
2023-06-30 19:00:00,6
2023-07-01 09:00:00,6
2023-07-01 10:00:00,4
2023-07-01 11:00:00,3
2023-07-01 12:00:00,10
2023-07-01 13:00:00,2
2023-07-01 14:00:00,7
2023-07-01 15:00:00,3
2023-07-01 16:00:00,9
2023-07-01 17:00:00,2
2023-07-01 18:00:00,6
2023-07-01 19:00:00,2
2023-07-02 09:00:00,5
2023-07-02 10:00:00,7
2023-07-02 11:00:00,2
2023-07-02 12:00:00,1
2023-07-02 13:00:00,7
2023-07-02 14:00:00,7
2023-07-02 15:00:00,7
2023-07-02 16:00:00,3
2023-07-02 17:00:00,6
2023-07-02 18:00:00,8
2023-07-02 19:00:00,7
2023-07-03 09:00:00,6
2023-07-03 10:00:00,5
2023-07-03 11:00:00,5
2023-07-03 12:00:00,6
2023-07-03 13:00:00,1
2023-07-03 14:00:00,3
2023-07-03 15:00:00,5
2023-07-03 16:00:00,6
2023-07-03 17:00:00,7
2023-07-03 18:00:00,6
2023-07-03 19:00:00,2
2023-07-04 09:00:00,3
2023-07-04 10:00:00,6
2023-07-04 11:00:00,5
2023-07-04 12:00:00,3
2023-07-04 13:00:00,2
2023-07-04 14:00:00,5
2023-07-04 15:00:00,6
2023-07-04 16:00:00,5
2023-07-04 17:00:00,3
2023-07-04 18:00:00,8
2023-07-04 19:00:00,8
2023-07-05 09:00:00,7
2023-07-05 10:00:00,4
2023-07-05 11:00:00,8
2023-07-05 12:00:00,6
2023-07-05 13:00:00,3
2023-07-05 14:00:00,5
2023-07-05 15:00:00,9
2023-07-05 16:00:00,6
2023-07-05 17:00:00,6
2023-07-05 18:00:00,2
2023-07-05 19:00:00,0
2023-07-06 09:00:00,6
2023-07-06 10:00:00,1
2023-07-06 11:00:00,6
2023-07-06 12:00:00,6
2023-07-06 13:00:00,6
2023-07-06 14:00:00,0
2023-07-06 15:00:00,3
2023-07-06 16:00:00,5
2023-07-06 17:00:00,1
2023-07-06 18:00:00,4
2023-07-06 19:00:00,3
2023-07-07 09:00:00,3
2023-07-07 10:00:00,7
2023-07-07 11:00:00,3
2023-07-07 12:00:00,5
2023-07-07 13:00:00,5
2023-07-07 14:00:00,8
2023-07-07 15:00:00,3
2023-07-07 16:00:00,3
2023-07-07 17:00:00,5
2023-07-07 18:00:00,6
2023-07-07 19:00:00,6
2023-07-08 09:00:00,1
2023-07-08 10:00:00,7
2023-07-08 11:00:00,7
2023-07-08 12:00:00,8
2023-07-08 13:00:00,4
2023-07-08 14:00:00,5
2023-07-08 15:00:00,5
2023-07-08 16:00:00,8
2023-07-08 17:00:00,6
2023-07-08 18:00:00,4
2023-07-08 19:00:00,3
2023-07-09 09:00:00,8
2023-07-09 10:00:00,1
2023-07-09 11:00:00,5
2023-07-09 12:00:00,2
2023-07-09 13:00:00,4
2023-07-09 14:00:00,6
2023-07-09 15:00:00,7
2023-07-09 16:00:00,4
2023-07-09 17:00:00,10
2023-07-09 18:00:00,6
2023-07-09 19:00:00,5
2023-07-10 09:00:00,5
2023-07-10 10:00:00,6
2023-07-10 11:00:00,7
2023-07-10 12:00:00,3
2023-07-10 13:00:00,7
2023-07-10 14:00:00,2
2023-07-10 15:00:00,3
2023-07-10 16:00:00,7
2023-07-10 17:00:00,7
2023-07-10 18:00:00,5
2023-07-10 19:00:00,5
2023-07-11 09:00:00,2
2023-07-11 10:00:00,5
2023-07-11 11:00:00,7
2023-07-11 12:00:00,5
2023-07-11 13:00:00,8
2023-07-11 14:00:00,5
2023-07-11 15:00:00,10
2023-07-11 16:00:00,4
2023-07-11 17:00:00,7
2023-07-11 18:00:00,5
2023-07-11 19:00:00,7
2023-07-12 09:00:00,3
2023-07-12 10:00:00,7
2023-07-12 11:00:00,6
2023-07-12 12:00:00,6
2023-07-12 13:00:00,6
2023-07-12 14:00:00,7
2023-07-12 15:00:00,5
2023-07-12 16:00:00,5
2023-07-12 17:00:00,12
2023-07-12 18:00:00,4
2023-07-12 19:00:00,5
2023-07-13 09:00:00,0
2023-07-13 10:00:00,3
2023-07-13 11:00:00,1
2023-07-13 12:00:00,5
2023-07-13 13:00:00,4
2023-07-13 14:00:00,3
2023-07-13 15:00:00,4
2023-07-13 16:00:00,7
2023-07-13 17:00:00,5
2023-07-13 18:00:00,3
2023-07-13 19:00:00,4
2023-07-14 09:00:00,3
2023-07-14 10:00:00,5
2023-07-14 11:00:00,9
2023-07-14 12:00:00,6
2023-07-14 13:00:00,3
2023-07-14 14:00:00,4
2023-07-14 15:00:00,6
2023-07-14 16:00:00,1
2023-07-14 17:00:00,7
2023-07-14 18:00:00,3
2023-07-14 19:00:00,2
2023-07-15 09:00:00,6
2023-07-15 10:00:00,7
2023-07-15 11:00:00,6
2023-07-15 12:00:00,5
2023-07-15 13:00:00,6
2023-07-15 14:00:00,5
2023-07-15 15:00:00,4
2023-07-15 16:00:00,5
2023-07-15 17:00:00,3
2023-07-15 18:00:00,6
2023-07-15 19:00:00,5
2023-07-16 09:00:00,8
2023-07-16 10:00:00,7
2023-07-16 11:00:00,7
2023-07-16 12:00:00,7
2023-07-16 13:00:00,5
2023-07-16 14:00:00,8
2023-07-16 15:00:00,6
2023-07-16 16:00:00,8
2023-07-16 17:00:00,4
2023-07-16 18:00:00,9
2023-07-16 19:00:00,2
2023-07-17 09:00:00,5
2023-07-17 10:00:00,8
2023-07-17 11:00:00,4
2023-07-17 12:00:00,6
2023-07-17 13:00:00,3
2023-07-17 14:00:00,4
2023-07-17 15:00:00,6
2023-07-17 16:00:00,3
2023-07-17 17:00:00,4
2023-07-17 18:00:00,4
2023-07-17 19:00:00,5
2023-07-18 09:00:00,10
2023-07-18 10:00:00,0
2023-07-18 11:00:00,7
2023-07-18 12:00:00,5
2023-07-18 13:00:00,7
2023-07-18 14:00:00,4
2023-07-18 15:00:00,4
2023-07-18 16:00:00,6
2023-07-18 17:00:00,4
2023-07-18 18:00:00,6
2023-07-18 19:00:00,6
2023-07-19 09:00:00,4
2023-07-19 10:00:00,8
2023-07-19 11:00:00,4
2023-07-19 12:00:00,7
2023-07-19 13:00:00,4
2023-07-19 14:00:00,5
2023-07-19 15:00:00,1
2023-07-19 16:00:00,7
2023-07-19 17:00:00,5
2023-07-19 18:00:00,4
2023-07-19 19:00:00,4
2023-07-20 09:00:00,0
2023-07-20 10:00:00,5
2023-07-20 11:00:00,4
2023-07-20 12:00:00,5
2023-07-20 13:00:00,9
2023-07-20 14:00:00,8
2023-07-20 15:00:00,7
2023-07-20 16:00:00,6
2023-07-20 17:00:00,4
2023-07-20 18:00:00,7
2023-07-20 19:00:00,5
2023-07-21 09:00:00,4
2023-07-21 10:00:00,1
2023-07-21 11:00:00,4
2023-07-21 12:00:00,7
2023-07-21 13:00:00,3
2023-07-21 14:00:00,7
2023-07-21 15:00:00,7
2023-07-21 16:00:00,7
2023-07-21 17:00:00,0
2023-07-21 18:00:00,0
2023-07-21 19:00:00,5
2023-07-22 09:00:00,8
2023-07-22 10:00:00,6
2023-07-22 11:00:00,4
2023-07-22 12:00:00,5
2023-07-22 13:00:00,4
2023-07-22 14:00:00,5
2023-07-22 15:00:00,5
2023-07-22 16:00:00,0
2023-07-22 17:00:00,7
2023-07-22 18:00:00,1
2023-07-22 19:00:00,4
2023-07-23 09:00:00,0
2023-07-23 10:00:00,6
2023-07-23 11:00:00,6
2023-07-23 12:00:00,8
2023-07-23 13:00:00,3
2023-07-23 14:00:00,1
2023-07-23 15:00:00,6
2023-07-23 16:00:00,5
2023-07-23 17:00:00,6
2023-07-23 18:00:00,2
2023-07-23 19:00:00,4
2023-07-24 09:00:00,7
2023-07-24 10:00:00,4
2023-07-24 11:00:00,7
2023-07-24 12:00:00,5
2023-07-24 13:00:00,5
2023-07-24 14:00:00,5
2023-07-24 15:00:00,3
2023-07-24 16:00:00,4
2023-07-24 17:00:00,4
2023-07-24 18:00:00,3
2023-07-24 19:00:00,4
2023-07-25 09:00:00,4
2023-07-25 10:00:00,5
2023-07-25 11:00:00,1
2023-07-25 12:00:00,5
2023-07-25 13:00:00,3
2023-07-25 14:00:00,7
2023-07-25 15:00:00,5
2023-07-25 16:00:00,5
2023-07-25 17:00:00,6
2023-07-25 18:00:00,7
2023-07-25 19:00:00,3
2023-07-26 09:00:00,9
2023-07-26 10:00:00,6
2023-07-26 11:00:00,9
2023-07-26 12:00:00,1
2023-07-26 13:00:00,5
2023-07-26 14:00:00,2
2023-07-26 15:00:00,3
2023-07-26 16:00:00,2
2023-07-26 17:00:00,4
2023-07-26 18:00:00,7
2023-07-26 19:00:00,5
2023-07-27 09:00:00,5
2023-07-27 10:00:00,7
2023-07-27 11:00:00,2
2023-07-27 12:00:00,7
2023-07-27 13:00:00,12
2023-07-27 14:00:00,3
2023-07-27 15:00:00,3
2023-07-27 16:00:00,6
2023-07-27 17:00:00,3
2023-07-27 18:00:00,3
2023-07-27 19:00:00,2
2023-07-28 09:00:00,7
2023-07-28 10:00:00,5
2023-07-28 11:00:00,5
2023-07-28 12:00:00,2
2023-07-28 13:00:00,2
2023-07-28 14:00:00,2
2023-07-28 15:00:00,6
2023-07-28 16:00:00,6
2023-07-28 17:00:00,1
2023-07-28 18:00:00,1
2023-07-28 19:00:00,1
2023-07-29 09:00:00,5
2023-07-29 10:00:00,7
2023-07-29 11:00:00,5
2023-07-29 12:00:00,7
2023-07-29 13:00:00,5
2023-07-29 14:00:00,3
2023-07-29 15:00:00,1
2023-07-29 16:00:00,2
2023-07-29 17:00:00,6
2023-07-29 18:00:00,4
2023-07-29 19:00:00,5
2023-07-30 09:00:00,5
2023-07-30 10:00:00,1
2023-07-30 11:00:00,4
2023-07-30 12:00:00,4
2023-07-30 13:00:00,4
2023-07-30 14:00:00,6
2023-07-30 15:00:00,6
2023-07-30 16:00:00,4
2023-07-30 17:00:00,3
2023-07-30 18:00:00,4
2023-07-30 19:00:00,7
2023-07-31 09:00:00,5
2023-07-31 10:00:00,5
2023-07-31 11:00:00,5
2023-07-31 12:00:00,10
2023-07-31 13:00:00,5
2023-07-31 14:00:00,3
2023-07-31 15:00:00,6
2023-07-31 16:00:00,8
2023-07-31 17:00:00,8
2023-07-31 18:00:00,6
2023-07-31 19:00:00,7
2023-08-01 09:00:00,5
2023-08-01 10:00:00,4
2023-08-01 11:00:00,5
2023-08-01 12:00:00,7
2023-08-01 13:00:00,10
2023-08-01 14:00:00,6
2023-08-01 15:00:00,6
2023-08-01 16:00:00,9
2023-08-01 17:00:00,4
2023-08-01 18:00:00,5
2023-08-01 19:00:00,3
2023-08-02 09:00:00,7
2023-08-02 10:00:00,3
2023-08-02 11:00:00,6
2023-08-02 12:00:00,9
2023-08-02 13:00:00,0
2023-08-02 14:00:00,0
2023-08-02 15:00:00,3
2023-08-02 16:00:00,6
2023-08-02 17:00:00,6
2023-08-02 18:00:00,4
2023-08-02 19:00:00,12
2023-08-03 09:00:00,1
2023-08-03 10:00:00,3
2023-08-03 11:00:00,2
2023-08-03 12:00:00,3
2023-08-03 13:00:00,2
2023-08-03 14:00:00,8
2023-08-03 15:00:00,8
2023-08-03 16:00:00,8
2023-08-03 17:00:00,5
2023-08-03 18:00:00,5
2023-08-03 19:00:00,4
2023-08-04 09:00:00,2
2023-08-04 10:00:00,6
2023-08-04 11:00:00,7
2023-08-04 12:00:00,7
2023-08-04 13:00:00,9
2023-08-04 14:00:00,2
2023-08-04 15:00:00,1
2023-08-04 16:00:00,9
2023-08-04 17:00:00,3
2023-08-04 18:00:00,6
2023-08-04 19:00:00,4
2023-08-05 09:00:00,8
2023-08-05 10:00:00,5
2023-08-05 11:00:00,4
2023-08-05 12:00:00,4
2023-08-05 13:00:00,7
2023-08-05 14:00:00,0
2023-08-05 15:00:00,12
2023-08-05 16:00:00,3
2023-08-05 17:00:00,5
2023-08-05 18:00:00,7
2023-08-05 19:00:00,6
2023-08-06 09:00:00,7
2023-08-06 10:00:00,4
2023-08-06 11:00:00,5
2023-08-06 12:00:00,7
2023-08-06 13:00:00,8
2023-08-06 14:00:00,6
2023-08-06 15:00:00,5
2023-08-06 16:00:00,5
2023-08-06 17:00:00,1
2023-08-06 18:00:00,5
2023-08-06 19:00:00,4
2023-08-07 09:00:00,5
2023-08-07 10:00:00,4
2023-08-07 11:00:00,5
2023-08-07 12:00:00,4
2023-08-07 13:00:00,6
2023-08-07 14:00:00,6
2023-08-07 15:00:00,4
2023-08-07 16:00:00,6
2023-08-07 17:00:00,4
2023-08-07 18:00:00,6
2023-08-07 19:00:00,6
2023-08-08 09:00:00,5
2023-08-08 10:00:00,4
2023-08-08 11:00:00,5
2023-08-08 12:00:00,5
2023-08-08 13:00:00,4
2023-08-08 14:00:00,6
2023-08-08 15:00:00,6
2023-08-08 16:00:00,2
2023-08-08 17:00:00,8
2023-08-08 18:00:00,6
2023-08-08 19:00:00,7
2023-08-09 09:00:00,3
2023-08-09 10:00:00,5
2023-08-09 11:00:00,5
2023-08-09 12:00:00,3
2023-08-09 13:00:00,7
2023-08-09 14:00:00,10
2023-08-09 15:00:00,8
2023-08-09 16:00:00,6
2023-08-09 17:00:00,10
2023-08-09 18:00:00,5
2023-08-09 19:00:00,7
2023-08-10 09:00:00,6
2023-08-10 10:00:00,5
2023-08-10 11:00:00,6
2023-08-10 12:00:00,9
2023-08-10 13:00:00,9
2023-08-10 14:00:00,5
2023-08-10 15:00:00,6
2023-08-10 16:00:00,5
2023-08-10 17:00:00,3
2023-08-10 18:00:00,6
2023-08-10 19:00:00,4
2023-08-11 09:00:00,6
2023-08-11 10:00:00,3
2023-08-11 11:00:00,4
2023-08-11 12:00:00,5
2023-08-11 13:00:00,3
2023-08-11 14:00:00,4
2023-08-11 15:00:00,7
2023-08-11 16:00:00,4
2023-08-11 17:00:00,4
2023-08-11 18:00:00,6
2023-08-11 19:00:00,6
2023-08-12 09:00:00,5
2023-08-12 10:00:00,3
2023-08-12 11:00:00,2
2023-08-12 12:00:00,4
2023-08-12 13:00:00,2
2023-08-12 14:00:00,10
2023-08-12 15:00:00,6
2023-08-12 16:00:00,3
2023-08-12 17:00:00,5
2023-08-12 18:00:00,2
2023-08-12 19:00:00,5
2023-08-13 09:00:00,1
2023-08-13 10:00:00,5
2023-08-13 11:00:00,6
2023-08-13 12:00:00,5
2023-08-13 13:00:00,7
2023-08-13 14:00:00,1
2023-08-13 15:00:00,6
2023-08-13 16:00:00,5
2023-08-13 17:00:00,2
2023-08-13 18:00:00,5
2023-08-13 19:00:00,5
2023-08-14 09:00:00,1
2023-08-14 10:00:00,4
2023-08-14 11:00:00,6
2023-08-14 12:00:00,7
2023-08-14 13:00:00,5
2023-08-14 14:00:00,5
2023-08-14 15:00:00,3
2023-08-14 16:00:00,4
2023-08-14 17:00:00,4
2023-08-14 18:00:00,5
2023-08-14 19:00:00,6
2023-08-15 09:00:00,3
2023-08-15 10:00:00,0
2023-08-15 11:00:00,6
2023-08-15 12:00:00,5
2023-08-15 13:00:00,6
2023-08-15 14:00:00,5
2023-08-15 15:00:00,7
2023-08-15 16:00:00,3
2023-08-15 17:00:00,5
2023-08-15 18:00:00,3
2023-08-15 19:00:00,4
2023-08-16 09:00:00,5
2023-08-16 10:00:00,0
2023-08-16 11:00:00,4
2023-08-16 12:00:00,3
2023-08-16 13:00:00,5
2023-08-16 14:00:00,8
2023-08-16 15:00:00,4
2023-08-16 16:00:00,2
2023-08-16 17:00:00,3
2023-08-16 18:00:00,8
2023-08-16 19:00:00,2
2023-08-17 09:00:00,7
2023-08-17 10:00:00,7
2023-08-17 11:00:00,0
2023-08-17 12:00:00,7
2023-08-17 13:00:00,7
2023-08-17 14:00:00,4
2023-08-17 15:00:00,4
2023-08-17 16:00:00,6
2023-08-17 17:00:00,8
2023-08-17 18:00:00,4
2023-08-17 19:00:00,9
2023-08-18 09:00:00,5
2023-08-18 10:00:00,3
2023-08-18 11:00:00,9
2023-08-18 12:00:00,4
2023-08-18 13:00:00,3
2023-08-18 14:00:00,4
2023-08-18 15:00:00,7
2023-08-18 16:00:00,3
2023-08-18 17:00:00,4
2023-08-18 18:00:00,7
2023-08-18 19:00:00,9
2023-08-19 09:00:00,2
2023-08-19 10:00:00,7
2023-08-19 11:00:00,7
2023-08-19 12:00:00,4
2023-08-19 13:00:00,7
2023-08-19 14:00:00,4
2023-08-19 15:00:00,5
2023-08-19 16:00:00,7
2023-08-19 17:00:00,6
2023-08-19 18:00:00,5
2023-08-19 19:00:00,1
2023-08-20 09:00:00,2
2023-08-20 10:00:00,4
2023-08-20 11:00:00,8
2023-08-20 12:00:00,5
2023-08-20 13:00:00,2
2023-08-20 14:00:00,4
2023-08-20 15:00:00,4
2023-08-20 16:00:00,9
2023-08-20 17:00:00,6
2023-08-20 18:00:00,4
2023-08-20 19:00:00,2
2023-08-21 09:00:00,4
2023-08-21 10:00:00,4
2023-08-21 11:00:00,1
2023-08-21 12:00:00,5
2023-08-21 13:00:00,7
2023-08-21 14:00:00,7
2023-08-21 15:00:00,1
2023-08-21 16:00:00,4
2023-08-21 17:00:00,4
2023-08-21 18:00:00,4
2023-08-21 19:00:00,5
2023-08-22 09:00:00,6
2023-08-22 10:00:00,2
2023-08-22 11:00:00,4
2023-08-22 12:00:00,7
2023-08-22 13:00:00,4
2023-08-22 14:00:00,6
2023-08-22 15:00:00,8
2023-08-22 16:00:00,2
2023-08-22 17:00:00,3
2023-08-22 18:00:00,2
2023-08-22 19:00:00,5
2023-08-23 09:00:00,3
2023-08-23 10:00:00,6
2023-08-23 11:00:00,5
2023-08-23 12:00:00,7
2023-08-23 13:00:00,5
2023-08-23 14:00:00,6
2023-08-23 15:00:00,5
2023-08-23 16:00:00,5
2023-08-23 17:00:00,7
2023-08-23 18:00:00,4
2023-08-23 19:00:00,1
2023-08-24 09:00:00,5
2023-08-24 10:00:00,5
2023-08-24 11:00:00,4
2023-08-24 12:00:00,4
2023-08-24 13:00:00,3
2023-08-24 14:00:00,7
2023-08-24 15:00:00,4
2023-08-24 16:00:00,5
2023-08-24 17:00:00,7
2023-08-24 18:00:00,6
2023-08-24 19:00:00,4
2023-08-25 09:00:00,4
2023-08-25 10:00:00,5
2023-08-25 11:00:00,2
2023-08-25 12:00:00,8
2023-08-25 13:00:00,6
2023-08-25 14:00:00,3
2023-08-25 15:00:00,6
2023-08-25 16:00:00,3
2023-08-25 17:00:00,3
2023-08-25 18:00:00,3
2023-08-25 19:00:00,8
2023-08-26 09:00:00,5
2023-08-26 10:00:00,4
2023-08-26 11:00:00,5
2023-08-26 12:00:00,4
2023-08-26 13:00:00,5
2023-08-26 14:00:00,8
2023-08-26 15:00:00,6
2023-08-26 16:00:00,6
2023-08-26 17:00:00,9
2023-08-26 18:00:00,5
2023-08-26 19:00:00,4
2023-08-27 09:00:00,2
2023-08-27 10:00:00,6
2023-08-27 11:00:00,1
2023-08-27 12:00:00,5
2023-08-27 13:00:00,7
2023-08-27 14:00:00,9
2023-08-27 15:00:00,6
2023-08-27 16:00:00,6
2023-08-27 17:00:00,5
2023-08-27 18:00:00,3
2023-08-27 19:00:00,6
2023-08-28 09:00:00,5
2023-08-28 10:00:00,3
2023-08-28 11:00:00,5
2023-08-28 12:00:00,2
2023-08-28 13:00:00,9
2023-08-28 14:00:00,7
2023-08-28 15:00:00,4
2023-08-28 16:00:00,7
2023-08-28 17:00:00,9
2023-08-28 18:00:00,5
2023-08-28 19:00:00,10
2023-08-29 09:00:00,7
2023-08-29 10:00:00,5
2023-08-29 11:00:00,5
2023-08-29 12:00:00,5
2023-08-29 13:00:00,3
2023-08-29 14:00:00,6
2023-08-29 15:00:00,5
2023-08-29 16:00:00,3
2023-08-29 17:00:00,6
2023-08-29 18:00:00,5
2023-08-29 19:00:00,3
2023-08-30 09:00:00,2
2023-08-30 10:00:00,2
2023-08-30 11:00:00,9
2023-08-30 12:00:00,6
2023-08-30 13:00:00,6
2023-08-30 14:00:00,7
2023-08-30 15:00:00,3
2023-08-30 16:00:00,6
2023-08-30 17:00:00,8
2023-08-30 18:00:00,4
2023-08-30 19:00:00,3
2023-08-31 09:00:00,5
2023-08-31 10:00:00,2
2023-08-31 11:00:00,5
2023-08-31 12:00:00,9
2023-08-31 13:00:00,0
2023-08-31 14:00:00,5
2023-08-31 15:00:00,5
2023-08-31 16:00:00,7
2023-08-31 17:00:00,5
2023-08-31 18:00:00,7
2023-08-31 19:00:00,1
2023-09-01 09:00:00,1
2023-09-01 10:00:00,6
2023-09-01 11:00:00,7
2023-09-01 12:00:00,5
2023-09-01 13:00:00,3
2023-09-01 14:00:00,6
2023-09-01 15:00:00,5
2023-09-01 16:00:00,6
2023-09-01 17:00:00,5
2023-09-01 18:00:00,10
2023-09-01 19:00:00,2
2023-09-02 09:00:00,4
2023-09-02 10:00:00,5
2023-09-02 11:00:00,2
2023-09-02 12:00:00,0
2023-09-02 13:00:00,1
2023-09-02 14:00:00,4
2023-09-02 15:00:00,5
2023-09-02 16:00:00,8
2023-09-02 17:00:00,4
2023-09-02 18:00:00,2
2023-09-02 19:00:00,7
2023-09-03 09:00:00,4
2023-09-03 10:00:00,6
2023-09-03 11:00:00,2
2023-09-03 12:00:00,7
2023-09-03 13:00:00,4
2023-09-03 14:00:00,0
2023-09-03 15:00:00,4
2023-09-03 16:00:00,6
2023-09-03 17:00:00,5
2023-09-03 18:00:00,5
2023-09-03 19:00:00,7
2023-09-04 09:00:00,4
2023-09-04 10:00:00,5
2023-09-04 11:00:00,3
2023-09-04 12:00:00,4
2023-09-04 13:00:00,2
2023-09-04 14:00:00,8
2023-09-04 15:00:00,9
2023-09-04 16:00:00,6
2023-09-04 17:00:00,8
2023-09-04 18:00:00,5
2023-09-04 19:00:00,6
2023-09-05 09:00:00,6
2023-09-05 10:00:00,6
2023-09-05 11:00:00,4
2023-09-05 12:00:00,5
2023-09-05 13:00:00,4
2023-09-05 14:00:00,4
2023-09-05 15:00:00,1
2023-09-05 16:00:00,9
2023-09-05 17:00:00,4
2023-09-05 18:00:00,8
2023-09-05 19:00:00,5
2023-09-06 09:00:00,6
2023-09-06 10:00:00,4
2023-09-06 11:00:00,7
2023-09-06 12:00:00,3
2023-09-06 13:00:00,6
2023-09-06 14:00:00,4
2023-09-06 15:00:00,6
2023-09-06 16:00:00,5
2023-09-06 17:00:00,5
2023-09-06 18:00:00,5
2023-09-06 19:00:00,6
2023-09-07 09:00:00,6
2023-09-07 10:00:00,7
2023-09-07 11:00:00,8
2023-09-07 12:00:00,7
2023-09-07 13:00:00,5
2023-09-07 14:00:00,3
2023-09-07 15:00:00,4
2023-09-07 16:00:00,5
2023-09-07 17:00:00,4
2023-09-07 18:00:00,6
2023-09-07 19:00:00,5
2023-09-08 09:00:00,7
2023-09-08 10:00:00,5
2023-09-08 11:00:00,5
2023-09-08 12:00:00,6
2023-09-08 13:00:00,5
2023-09-08 14:00:00,4
2023-09-08 15:00:00,9
2023-09-08 16:00:00,5
2023-09-08 17:00:00,8
2023-09-08 18:00:00,3
2023-09-08 19:00:00,9
2023-09-09 09:00:00,8
2023-09-09 10:00:00,7
2023-09-09 11:00:00,7
2023-09-09 12:00:00,2
2023-09-09 13:00:00,3
2023-09-09 14:00:00,6
2023-09-09 15:00:00,7
2023-09-09 16:00:00,6
2023-09-09 17:00:00,8
2023-09-09 18:00:00,5
2023-09-09 19:00:00,3
2023-09-10 09:00:00,4
2023-09-10 10:00:00,7
2023-09-10 11:00:00,6
2023-09-10 12:00:00,12
2023-09-10 13:00:00,3
2023-09-10 14:00:00,7
2023-09-10 15:00:00,7
2023-09-10 16:00:00,7
2023-09-10 17:00:00,2
2023-09-10 18:00:00,6
2023-09-10 19:00:00,8
2023-09-11 09:00:00,5
2023-09-11 10:00:00,6
2023-09-11 11:00:00,3
2023-09-11 12:00:00,3
2023-09-11 13:00:00,8
2023-09-11 14:00:00,4
2023-09-11 15:00:00,4
2023-09-11 16:00:00,7
2023-09-11 17:00:00,1
2023-09-11 18:00:00,9
2023-09-11 19:00:00,5
2023-09-12 09:00:00,7
2023-09-12 10:00:00,1
2023-09-12 11:00:00,2
2023-09-12 12:00:00,4
2023-09-12 13:00:00,4
2023-09-12 14:00:00,5
2023-09-12 15:00:00,6
2023-09-12 16:00:00,7
2023-09-12 17:00:00,4
2023-09-12 18:00:00,4
2023-09-12 19:00:00,4
2023-09-13 09:00:00,5
2023-09-13 10:00:00,2
2023-09-13 11:00:00,6
2023-09-13 12:00:00,5
2023-09-13 13:00:00,8
2023-09-13 14:00:00,6
2023-09-13 15:00:00,5
2023-09-13 16:00:00,4
2023-09-13 17:00:00,5
2023-09-13 18:00:00,8
2023-09-13 19:00:00,4
2023-09-14 09:00:00,5
2023-09-14 10:00:00,7
2023-09-14 11:00:00,3
2023-09-14 12:00:00,6
2023-09-14 13:00:00,4
2023-09-14 14:00:00,0
2023-09-14 15:00:00,8
2023-09-14 16:00:00,5
2023-09-14 17:00:00,2
2023-09-14 18:00:00,1
2023-09-14 19:00:00,5
2023-09-15 09:00:00,5
2023-09-15 10:00:00,5
2023-09-15 11:00:00,3
2023-09-15 12:00:00,5
2023-09-15 13:00:00,6
2023-09-15 14:00:00,7
2023-09-15 15:00:00,2
2023-09-15 16:00:00,1
2023-09-15 17:00:00,4
2023-09-15 18:00:00,7
2023-09-15 19:00:00,5
2023-09-16 09:00:00,7
2023-09-16 10:00:00,5
2023-09-16 11:00:00,7
2023-09-16 12:00:00,10
2023-09-16 13:00:00,6
2023-09-16 14:00:00,6
2023-09-16 15:00:00,2
2023-09-16 16:00:00,8
2023-09-16 17:00:00,6
2023-09-16 18:00:00,3
2023-09-16 19:00:00,5
2023-09-17 09:00:00,6
2023-09-17 10:00:00,9
2023-09-17 11:00:00,4
2023-09-17 12:00:00,3
2023-09-17 13:00:00,6
2023-09-17 14:00:00,8
2023-09-17 15:00:00,5
2023-09-17 16:00:00,6
2023-09-17 17:00:00,5
2023-09-17 18:00:00,4
2023-09-17 19:00:00,5
2023-09-18 09:00:00,7
2023-09-18 10:00:00,11
2023-09-18 11:00:00,5
2023-09-18 12:00:00,4
2023-09-18 13:00:00,4
2023-09-18 14:00:00,5
2023-09-18 15:00:00,4
2023-09-18 16:00:00,0
2023-09-18 17:00:00,5
2023-09-18 18:00:00,6
2023-09-18 19:00:00,6
2023-09-19 09:00:00,7
2023-09-19 10:00:00,5
2023-09-19 11:00:00,4
2023-09-19 12:00:00,5
2023-09-19 13:00:00,6
2023-09-19 14:00:00,4
2023-09-19 15:00:00,4
2023-09-19 16:00:00,7
2023-09-19 17:00:00,5
2023-09-19 18:00:00,8
2023-09-19 19:00:00,4
2023-09-20 09:00:00,6
2023-09-20 10:00:00,4
2023-09-20 11:00:00,7
2023-09-20 12:00:00,8
2023-09-20 13:00:00,8
2023-09-20 14:00:00,4
2023-09-20 15:00:00,6
2023-09-20 16:00:00,7
2023-09-20 17:00:00,1
2023-09-20 18:00:00,4
2023-09-20 19:00:00,0
2023-09-21 09:00:00,4
2023-09-21 10:00:00,3
2023-09-21 11:00:00,3
2023-09-21 12:00:00,4
2023-09-21 13:00:00,5
2023-09-21 14:00:00,3
2023-09-21 15:00:00,11
2023-09-21 16:00:00,6
2023-09-21 17:00:00,6
2023-09-21 18:00:00,7
2023-09-21 19:00:00,6
2023-09-22 09:00:00,8
2023-09-22 10:00:00,3
2023-09-22 11:00:00,4
2023-09-22 12:00:00,6
2023-09-22 13:00:00,3
2023-09-22 14:00:00,3
2023-09-22 15:00:00,7
2023-09-22 16:00:00,8
2023-09-22 17:00:00,6
2023-09-22 18:00:00,9
2023-09-22 19:00:00,5
2023-09-23 09:00:00,3
2023-09-23 10:00:00,5
2023-09-23 11:00:00,4
2023-09-23 12:00:00,8
2023-09-23 13:00:00,6
2023-09-23 14:00:00,8
2023-09-23 15:00:00,7
2023-09-23 16:00:00,0
2023-09-23 17:00:00,5
2023-09-23 18:00:00,8
2023-09-23 19:00:00,3
2023-09-24 09:00:00,5
2023-09-24 10:00:00,3
2023-09-24 11:00:00,6
2023-09-24 12:00:00,5
2023-09-24 13:00:00,4
2023-09-24 14:00:00,4
2023-09-24 15:00:00,3
2023-09-24 16:00:00,1
2023-09-24 17:00:00,5
2023-09-24 18:00:00,5
2023-09-24 19:00:00,7
2023-09-25 09:00:00,7
2023-09-25 10:00:00,8
2023-09-25 11:00:00,8
2023-09-25 12:00:00,5
2023-09-25 13:00:00,7
2023-09-25 14:00:00,7
2023-09-25 15:00:00,5
2023-09-25 16:00:00,5
2023-09-25 17:00:00,0
2023-09-25 18:00:00,6
2023-09-25 19:00:00,4
2023-09-26 09:00:00,2
2023-09-26 10:00:00,6
2023-09-26 11:00:00,5
2023-09-26 12:00:00,9
2023-09-26 13:00:00,7
2023-09-26 14:00:00,2
2023-09-26 15:00:00,1
2023-09-26 16:00:00,4
2023-09-26 17:00:00,6
2023-09-26 18:00:00,6
2023-09-26 19:00:00,5
2023-09-27 09:00:00,7
2023-09-27 10:00:00,5
2023-09-27 11:00:00,2
2023-09-27 12:00:00,5
2023-09-27 13:00:00,2
2023-09-27 14:00:00,9
2023-09-27 15:00:00,5
2023-09-27 16:00:00,1
2023-09-27 17:00:00,6
2023-09-27 18:00:00,9
2023-09-27 19:00:00,7
2023-09-28 09:00:00,6
2023-09-28 10:00:00,8
2023-09-28 11:00:00,3
2023-09-28 12:00:00,4
2023-09-28 13:00:00,3
2023-09-28 14:00:00,4
2023-09-28 15:00:00,4
2023-09-28 16:00:00,6
2023-09-28 17:00:00,2
2023-09-28 18:00:00,0
2023-09-28 19:00:00,7
2023-09-29 09:00:00,4
2023-09-29 10:00:00,5
2023-09-29 11:00:00,6
2023-09-29 12:00:00,6
2023-09-29 13:00:00,3
2023-09-29 14:00:00,4
2023-09-29 15:00:00,2
2023-09-29 16:00:00,0
2023-09-29 17:00:00,3
2023-09-29 18:00:00,5
2023-09-29 19:00:00,6
2023-09-30 09:00:00,1
2023-09-30 10:00:00,5
2023-09-30 11:00:00,5
2023-09-30 12:00:00,2
2023-09-30 13:00:00,5
2023-09-30 14:00:00,4
2023-09-30 15:00:00,3
2023-09-30 16:00:00,4
2023-09-30 17:00:00,7
2023-09-30 18:00:00,5
2023-09-30 19:00:00,6
2023-10-01 09:00:00,7
2023-10-01 10:00:00,3
2023-10-01 11:00:00,3
2023-10-01 12:00:00,5
2023-10-01 13:00:00,5
2023-10-01 14:00:00,4
2023-10-01 15:00:00,6
2023-10-01 16:00:00,3
2023-10-01 17:00:00,5
2023-10-01 18:00:00,5
2023-10-01 19:00:00,3
